DYD,7220201,Ngôn ngữ Anh,D14; D15; D11; D01; X79; X78; A01,15.5,Điểm thi THPT,,2025,https://github.com/kbaoooo/vn_schools_scores_data/blob/main/craw-data/scores/DYD/2025.json
DYD,7310401,Tâm lý học,D01; B03; C02; B08; D07; C00,15.5,Điểm thi THPT,,2025,https://github.com/kbaoooo/vn_schools_scores_data/blob/main/craw-data/scores/DYD/2025.json
DYD,7310608,Đông phương học,D01; D14; D15; D11; X78; C00; C03; C04,15.5,Điểm thi THPT,,2025,https://github.com/kbaoooo/vn_schools_scores_data/blob/main/craw-data/scores/DYD/2025.json
DYD,7320108,Quan hệ công chúng,D01; C01; C03; C04; X02; C00; X01,15.5,Điểm thi THPT,,2025,https://github.com/kbaoooo/vn_schools_scores_data/blob/main/craw-data/scores/DYD/2025.json
DYD,7340101,Quản trị kinh doanh,A00; A01; D01; C01; C04; X02; K01; X25,15.5,Điểm thi THPT,,2025,https://github.com/kbaoooo/vn_schools_scores_data/blob/main/craw-data/scores/DYD/2025.json
DYD,7380107,Luật kinh tế,D01; C03; C04; X01; C00; D14; D15,15.5,Điểm thi THPT,,2025,https://github.com/kbaoooo/vn_schools_scores_data/blob/main/craw-data/scores/DYD/2025.json
DYD,7420201,Công nghệ sinh học,A02; B00; B08; X16; X14; X66; C08; D01; B03,15.5,Điểm thi THPT,,2025,https://github.com/kbaoooo/vn_schools_scores_data/blob/main/craw-data/scores/DYD/2025.json
DYD,7480201,Công nghệ thông tin,A00; A01; C01; X06; X07; D01; K01; X27; X56; X02,15.5,Điểm thi THPT,,2025,https://github.com/kbaoooo/vn_schools_scores_data/blob/main/craw-data/scores/DYD/2025.json
DYD,7510205,Công nghệ kỹ thuật ô tô,A00; A01; C01; X06; X07; D01; K01; X27; X56; X02,15.5,Điểm thi THPT,,2025,https://github.com/kbaoooo/vn_schools_scores_data/blob/main/craw-data/scores/DYD/2025.json
DYD,7520114,Kỹ thuật cơ điện tử,A00; A01; C01; X06; X07; D01; K01; X27; X56; X02,15.5,Điểm thi THPT,,2025,https://github.com/kbaoooo/vn_schools_scores_data/blob/main/craw-data/scores/DYD/2025.json
DYD,7540101,Công nghệ thực phẩm,A02; B00; B08; X16; X14; X66; C08; D01; B03,15.5,Điểm thi THPT,,2025,https://github.com/kbaoooo/vn_schools_scores_data/blob/main/craw-data/scores/DYD/2025.json
DYD,7580101,Kiến trúc,D01; C01; C04; X03; H01; V00; V02,15.5,Điểm thi THPT,,2025,https://github.com/kbaoooo/vn_schools_scores_data/blob/main/craw-data/scores/DYD/2025.json
DYD,7580108,Thiết kế nội thất,D01; C01; C04; X03; H01; V00; V02,15.5,Điểm thi THPT,,2025,https://github.com/kbaoooo/vn_schools_scores_data/blob/main/craw-data/scores/DYD/2025.json
DYD,7720101,Y khoa,B08; A02; B00; X16,20.5,Điểm thi THPT,,2025,https://github.com/kbaoooo/vn_schools_scores_data/blob/main/craw-data/scores/DYD/2025.json
DYD,7720201,Dược học,B00; X16; B08; A02; X14; D07; X10; X12; A00,19,Điểm thi THPT,,2025,https://github.com/kbaoooo/vn_schools_scores_data/blob/main/craw-data/scores/DYD/2025.json
DYD,7720301,Điều dưỡng,B00; X15; B08; A02; X14; D07; X10; X12; A00,17,Điểm thi THPT,,2025,https://github.com/kbaoooo/vn_schools_scores_data/blob/main/craw-data/scores/DYD/2025.json
DYD,7810103,Quản trị dịch vụ du lịch và lữ hành,D01; D09; D10; C03; C04; D15; D14; C00; A07,15.5,Điểm thi THPT,,2025,https://github.com/kbaoooo/vn_schools_scores_data/blob/main/craw-data/scores/DYD/2025.json
DYH,7720101_DANSU_1,Y khoa,A00; B00; D07,27.33,Điểm thi THPT,,2025,https://github.com/kbaoooo/vn_schools_scores_data/blob/main/craw-data/scores/DYH/2025.json
DYH,7720201_DANSU_2,Dược học,A00; D07,23.93,Điểm thi THPT,,2025,https://github.com/kbaoooo/vn_schools_scores_data/blob/main/craw-data/scores/DYH/2025.json
EIU,7310101,Kinh tế,A00; A01; B00; C01; C03; C04; D01; D07; D09; D10; X01; X05; X06; X25; X26,15,Điểm thi THPT,,2025,https://github.com/kbaoooo/vn_schools_scores_data/blob/main/craw-data/scores/EIU/2025.json
EIU,7340101,Quản trị kinh doanh,A00; A01; B00; C01; C03; C04; D01; D07; D09; D10; X01; X05; X06; X25; X26,15,Điểm thi THPT,,2025,https://github.com/kbaoooo/vn_schools_scores_data/blob/main/craw-data/scores/EIU/2025.json
EIU,7480102,Mạng máy tính và truyền thông dữ liệu,A00; A01; B00; C01; C02; D01; D07; X01; X05; X06; X07; X25; X26; X27,15,Điểm thi THPT,,2025,https://github.com/kbaoooo/vn_schools_scores_data/blob/main/craw-data/scores/EIU/2025.json
EIU,7480103,Kỹ thuật phần mềm,A00; A01; B00; C01; C02; D01; D07; X01; X05; X06; X07; X25; X26; X27,15,Điểm thi THPT,,2025,https://github.com/kbaoooo/vn_schools_scores_data/blob/main/craw-data/scores/EIU/2025.json
EIU,7520103,Kỹ thuật cơ khí,A00; A01; B00; C01; C02; D01; D07; X01; X05; X06; X07; X25; X26; X27,15,Điểm thi THPT,,2025,https://github.com/kbaoooo/vn_schools_scores_data/blob/main/craw-data/scores/EIU/2025.json
EIU,7520114,Kỹ thuật cơ điện tử,A00; A01; B00; C01; C02; D01; D07; X01; X05; X06; X07; X25; X26; X27,15,Điểm thi THPT,,2025,https://github.com/kbaoooo/vn_schools_scores_data/blob/main/craw-data/scores/EIU/2025.json
EIU,7520201,Kỹ thuật điện,A00; A01; B00; C01; C02; D01; D07; X01; X05; X06; X07; X25; X26; X27,15,Điểm thi THPT,,2025,https://github.com/kbaoooo/vn_schools_scores_data/blob/main/craw-data/scores/EIU/2025.json
EIU,7520207,Kỹ thuật điện tử – viễn thông,A00; A01; B00; C01; C02; D01; D07; X01; X05; X06; X07; X25; X26; X27,15,Điểm thi THPT,,2025,https://github.com/kbaoooo/vn_schools_scores_data/blob/main/craw-data/scores/EIU/2025.json
EIU,7520216,Kỹ thuật điều khiển và tự động hóa,A00; A01; B00; C01; C02; D01; D07; X01; X05; X06; X07; X25; X26; X27,15,Điểm thi THPT,,2025,https://github.com/kbaoooo/vn_schools_scores_data/blob/main/craw-data/scores/EIU/2025.json
EIU,7720301,Điều dưỡng,A00; A01; B00; B03; B08; C02; D01; D07; D09; D10; X01; X25,17,Điểm thi THPT,,2025,https://github.com/kbaoooo/vn_schools_scores_data/blob/main/craw-data/scores/EIU/2025.json
ETU,7210403,Thiết kế đồ họa,V00; V01; H01; H07; A0T,15,Điểm thi THPT,,2025,https://github.com/kbaoooo/vn_schools_scores_data/blob/main/craw-data/scores/ETU/2025.json
ETU,7210404,Thiết kế thời trang,V01; V00; H02; H06; H08,15,Điểm thi THPT,,2025,https://github.com/kbaoooo/vn_schools_scores_data/blob/main/craw-data/scores/ETU/2025.json
ETU,7220201,Ngôn ngữ Anh,D01; D07; D08; D14; D15; A01,15,Điểm thi THPT,,2025,https://github.com/kbaoooo/vn_schools_scores_data/blob/main/craw-data/scores/ETU/2025.json
ETU,7220204,Ngôn ngữ Trung Quốc,D04; D30; D01; D14; C00; D15; D10,15,Điểm thi THPT,,2025,https://github.com/kbaoooo/vn_schools_scores_data/blob/main/craw-data/scores/ETU/2025.json
ETU,7320104,Truyền thông đa phương tiện,C00; D01; C04; C01; C14; TH9; D14,15,Điểm thi THPT,,2025,https://github.com/kbaoooo/vn_schools_scores_data/blob/main/craw-data/scores/ETU/2025.json
ETU,7320108,Quan hệ công chúng,C00; D01; C04; C01; C14; TH9; D14,15,Điểm thi THPT,,2025,https://github.com/kbaoooo/vn_schools_scores_data/blob/main/craw-data/scores/ETU/2025.json
ETU,7340101,Quản trị kinh doanh,A00; A01; D01; A10; C01; A0T,15,Điểm thi THPT,,2025,https://github.com/kbaoooo/vn_schools_scores_data/blob/main/craw-data/scores/ETU/2025.json
ETU,7340122,Thương mại điện tử,A00; A01; D01; A10; C01; A0T,15,Điểm thi THPT,,2025,https://github.com/kbaoooo/vn_schools_scores_data/blob/main/craw-data/scores/ETU/2025.json
ETU,7340201,Tài chính Ngân hàng,A00; A01; D01; A10; C01,15,Điểm thi THPT,,2025,https://github.com/kbaoooo/vn_schools_scores_data/blob/main/craw-data/scores/ETU/2025.json
ETU,7340301,Kế toán,A00; A01; D01; A10; C01,15,Điểm thi THPT,,2025,https://github.com/kbaoooo/vn_schools_scores_data/blob/main/craw-data/scores/ETU/2025.json
ETU,7380107,Luật kinh tế,C00; D01; C19; D14; C01,15,Điểm thi THPT,,2025,https://github.com/kbaoooo/vn_schools_scores_data/blob/main/craw-data/scores/ETU/2025.json
ETU,7480201,Công nghệ thông tin,A00; A01; D01; D07; C01; A0T,15,Điểm thi THPT,,2025,https://github.com/kbaoooo/vn_schools_scores_data/blob/main/craw-data/scores/ETU/2025.json
ETU,7510605,Logistics & Quản lý chuỗi cung ứng,A00; A01; D01; A10; C01; A0T; A0C,15,Điểm thi THPT,,2025,https://github.com/kbaoooo/vn_schools_scores_data/blob/main/craw-data/scores/ETU/2025.json
ETU,7520130,Kỹ thuật ô tô,A00; A01; D01; D07; C01; A0C; A0T,15,Điểm thi THPT,,2025,https://github.com/kbaoooo/vn_schools_scores_data/blob/main/craw-data/scores/ETU/2025.json
ETU,7580108,Thiết kế nội thất,V00; V01; H01; H07; A0T,15,Điểm thi THPT,,2025,https://github.com/kbaoooo/vn_schools_scores_data/blob/main/craw-data/scores/ETU/2025.json
ETU,7720101,Y khoa,B00; A02; B03; B08; A00,20.5,Điểm thi THPT,,2025,https://github.com/kbaoooo/vn_schools_scores_data/blob/main/craw-data/scores/ETU/2025.json
ETU,7720115,Y học Cổ truyền,B00; A02; B03; B08; A00,19,Điểm thi THPT,,2025,https://github.com/kbaoooo/vn_schools_scores_data/blob/main/craw-data/scores/ETU/2025.json
ETU,7720201,Dược học,A00; B00; C02; D07; A11; A02; B03; B08,19,Điểm thi THPT,,2025,https://github.com/kbaoooo/vn_schools_scores_data/blob/main/craw-data/scores/ETU/2025.json
ETU,7720301,Điều dưỡng,B00; A02; B03; B08; C02,17,Điểm thi THPT,,2025,https://github.com/kbaoooo/vn_schools_scores_data/blob/main/craw-data/scores/ETU/2025.json
ETU,7810103,Quản trị dịch vụ Du lịch và Lữ hành,C00; D01; D15; C04; A10,15,Điểm thi THPT,,2025,https://github.com/kbaoooo/vn_schools_scores_data/blob/main/craw-data/scores/ETU/2025.json
ETU,7810201,Quản trị khách sạn,C00; D01; D15; C04; A10,15,Điểm thi THPT,,2025,https://github.com/kbaoooo/vn_schools_scores_data/blob/main/craw-data/scores/ETU/2025.json
FBU,7220201,Ngôn ngữ Anh,A01; D01; D10; X25,18.5,Điểm thi THPT,,2025,https://github.com/kbaoooo/vn_schools_scores_data/blob/main/craw-data/scores/FBU/2025.json
FBU,7220204,Ngôn ngữ Tiếng Trung,C00; C04; D01; D04,24.25,Điểm thi THPT,,2025,https://github.com/kbaoooo/vn_schools_scores_data/blob/main/craw-data/scores/FBU/2025.json
FBU,7340101,Quản trị kinh doanh,A00; A01; C04; D01; X01; X02,23,Điểm thi THPT,,2025,https://github.com/kbaoooo/vn_schools_scores_data/blob/main/craw-data/scores/FBU/2025.json
FBU,7340120,Kinh doanh quốc tế,A01; D01; D07; D09; D10; X25,18.5,Điểm thi THPT,,2025,https://github.com/kbaoooo/vn_schools_scores_data/blob/main/craw-data/scores/FBU/2025.json
FBU,7340121,Kinh doanh thương mại,A00; A01; C04; D01; X01; X02,23,Điểm thi THPT,,2025,https://github.com/kbaoooo/vn_schools_scores_data/blob/main/craw-data/scores/FBU/2025.json
FBU,7340201,Tài chính - Ngân hàng,A00; A01; C04; D01; X01; X02,22,Điểm thi THPT,,2025,https://github.com/kbaoooo/vn_schools_scores_data/blob/main/craw-data/scores/FBU/2025.json
FBU,7340301,Kế toán,A00; A01; C04; D01; X01; X02,23,Điểm thi THPT,,2025,https://github.com/kbaoooo/vn_schools_scores_data/blob/main/craw-data/scores/FBU/2025.json
FBU,7340302,Kiểm toán,A00; A01; C04; D01; X01; X02,17,Điểm thi THPT,,2025,https://github.com/kbaoooo/vn_schools_scores_data/blob/main/craw-data/scores/FBU/2025.json
FBU,7380107,Luật kinh tế,A00; A01; C04; D01; X01; X02,21.5,Điểm thi THPT,,2025,https://github.com/kbaoooo/vn_schools_scores_data/blob/main/craw-data/scores/FBU/2025.json
FBU,7480201,Công nghệ thông tin,A00; A01; C04; D01; X01; X02,17,Điểm thi THPT,,2025,https://github.com/kbaoooo/vn_schools_scores_data/blob/main/craw-data/scores/FBU/2025.json
GDU,7220201,Ngôn ngữ Anh,A00; A01; C00; C01; C03; C14; D01; X26,15,Điểm thi THPT,,2025,https://github.com/kbaoooo/vn_schools_scores_data/blob/main/craw-data/scores/GDU/2025.json
GDU,7220204,Ngôn ngữ Trung quốc,A00; A01; C00; C01; C03; C14; D01; X26,16,Điểm thi THPT,,2025,https://github.com/kbaoooo/vn_schools_scores_data/blob/main/craw-data/scores/GDU/2025.json
GDU,7310401,Tâm lý học,A00; A01; C00; C01; C03; C14; D01; X26,15,Điểm thi THPT,,2025,https://github.com/kbaoooo/vn_schools_scores_data/blob/main/craw-data/scores/GDU/2025.json
GDU,7310608,Đông phương học,A00; A01; C00; C01; C03; C14; D01; X26,15,Điểm thi THPT,,2025,https://github.com/kbaoooo/vn_schools_scores_data/blob/main/craw-data/scores/GDU/2025.json
GDU,7320104,Truyền thông đa phương tiện,A00; A01; C00; C01; C03; C14; D01; X26,16,Điểm thi THPT,,2025,https://github.com/kbaoooo/vn_schools_scores_data/blob/main/craw-data/scores/GDU/2025.json
GDU,7320106,Công nghệ truyền thông,A00; A01; C00; C01; C03; C14; D01; X26,15,Điểm thi THPT,,2025,https://github.com/kbaoooo/vn_schools_scores_data/blob/main/craw-data/scores/GDU/2025.json
GDU,7320108,Quan hệ công chúng,A00; A01; C00; C01; C03; C14; D01; X26,15,Điểm thi THPT,,2025,https://github.com/kbaoooo/vn_schools_scores_data/blob/main/craw-data/scores/GDU/2025.json
GDU,7340101,Quản trị kinh doanh,A00; A01; C00; C01; C03; C14; D01; X26,15,Điểm thi THPT,,2025,https://github.com/kbaoooo/vn_schools_scores_data/blob/main/craw-data/scores/GDU/2025.json
GDU,7340115,Marketing,A00; A01; C00; C01; C03; C14; D01; X26,16,Điểm thi THPT,,2025,https://github.com/kbaoooo/vn_schools_scores_data/blob/main/craw-data/scores/GDU/2025.json
GDU,7340120,Kinh doanh quốc tế,A00; A01; C00; C01; C03; C14; D01; X26,15,Điểm thi THPT,,2025,https://github.com/kbaoooo/vn_schools_scores_data/blob/main/craw-data/scores/GDU/2025.json
GDU,7340121,Kinh doanh thương mại,A00; A01; C00; C01; C03; C14; D01; X26,15,Điểm thi THPT,,2025,https://github.com/kbaoooo/vn_schools_scores_data/blob/main/craw-data/scores/GDU/2025.json
GDU,7340122,Thương mại điện tử,A00; A01; C00; C01; C03; C14; D01; X26,15,Điểm thi THPT,,2025,https://github.com/kbaoooo/vn_schools_scores_data/blob/main/craw-data/scores/GDU/2025.json
GDU,7340201,Tài chính - ngân hàng,A00; A01; C00; C01; C03; C14; D01; X26,15,Điểm thi THPT,,2025,https://github.com/kbaoooo/vn_schools_scores_data/blob/main/craw-data/scores/GDU/2025.json
GDU,7340205,Công nghệ tài chính,A00; A01; C00; C01; C03; C14; D01; X26,15,Điểm thi THPT,,2025,https://github.com/kbaoooo/vn_schools_scores_data/blob/main/craw-data/scores/GDU/2025.json
GDU,7340301,Kế toán,A00; A01; C00; C01; C03; C14; D01; X26,15,Điểm thi THPT,,2025,https://github.com/kbaoooo/vn_schools_scores_data/blob/main/craw-data/scores/GDU/2025.json
GDU,7380101,Luật,A00; A01; C00; C01; C03; C14; D01; X26,15,Điểm thi THPT,,2025,https://github.com/kbaoooo/vn_schools_scores_data/blob/main/craw-data/scores/GDU/2025.json
GDU,7380107,Luật kinh tế,A00; A01; C00; C01; C03; C14; D01; X26,15,Điểm thi THPT,,2025,https://github.com/kbaoooo/vn_schools_scores_data/blob/main/craw-data/scores/GDU/2025.json
GDU,7480102,Mạng máy tính & truyền thông dữ liệu,A00; A01; C01; D01; X26,15,Điểm thi THPT,,2025,https://github.com/kbaoooo/vn_schools_scores_data/blob/main/craw-data/scores/GDU/2025.json
GDU,7480103,Kỹ thuật phần mềm,A00; A01; C01; D01; X26,15,Điểm thi THPT,,2025,https://github.com/kbaoooo/vn_schools_scores_data/blob/main/craw-data/scores/GDU/2025.json
GDU,7480107,Trí tuệ nhân tạo,A00; A01; C00; C01; C03; C14; D01; X26,17,Điểm thi THPT,,2025,https://github.com/kbaoooo/vn_schools_scores_data/blob/main/craw-data/scores/GDU/2025.json
GDU,7480201,Công nghệ thông tin,A00; A01; C01; D01; X26,16,Điểm thi THPT,,2025,https://github.com/kbaoooo/vn_schools_scores_data/blob/main/craw-data/scores/GDU/2025.json
GDU,7510605,Logistics & quản lý chuỗi cung ứng,A00; A01; C00; C01; C03; C14; D01; X26,16,Điểm thi THPT,,2025,https://github.com/kbaoooo/vn_schools_scores_data/blob/main/craw-data/scores/GDU/2025.json
GDU,7720501,Răng - Hàm - Mặt,A00; A01; B00; B01; B03; D07; D08,20.5,Điểm thi THPT,,2025,https://github.com/kbaoooo/vn_schools_scores_data/blob/main/craw-data/scores/GDU/2025.json
GDU,7810103,Quản trị dịch vụ du lịch & lữ hành,A00; A01; C00; C01; C03; C14; D01; X26,15,Điểm thi THPT,,2025,https://github.com/kbaoooo/vn_schools_scores_data/blob/main/craw-data/scores/GDU/2025.json
GDU,7810201,Quản trị khách sạn,A00; A01; C00; C01; C03; C14; D01; X26,15,Điểm thi THPT,,2025,https://github.com/kbaoooo/vn_schools_scores_data/blob/main/craw-data/scores/GDU/2025.json
GHA,7220201,Ngôn ngữ Anh,D01; D09; D10,25.33,Điểm thi THPT,,2025,https://github.com/kbaoooo/vn_schools_scores_data/blob/main/craw-data/scores/GHA/2025.json
GHA,7310101,"Kinh tế (chuyên ngành: kinh tế và quản lý đầu tư, kinh tế bưu chính viễn thông)",A00; A01; D01; D07,25.15,Điểm thi THPT,,2025,https://github.com/kbaoooo/vn_schools_scores_data/blob/main/craw-data/scores/GHA/2025.json
GHA,7340101,Quản trị kinh doanh,A00; A01; D01; D07,25.41,Điểm thi THPT,,2025,https://github.com/kbaoooo/vn_schools_scores_data/blob/main/craw-data/scores/GHA/2025.json
GHA,7340101 QT,Quản trị kinh doanh (Chương trình CLC Quản trị kinh doanh Việt-Anh),A00; A01; D01; D07,22.63,Điểm thi THPT,,2025,https://github.com/kbaoooo/vn_schools_scores_data/blob/main/craw-data/scores/GHA/2025.json
GHA,7340201,Tài chính - Ngân hàng,A00; A01; D01; D07,25.86,Điểm thi THPT,,2025,https://github.com/kbaoooo/vn_schools_scores_data/blob/main/craw-data/scores/GHA/2025.json
GHA,7340301,Kế toán (chuyên ngành Kế toán tổng hợp),A00; A01; D01; D07,25.41,Điểm thi THPT,,2025,https://github.com/kbaoooo/vn_schools_scores_data/blob/main/craw-data/scores/GHA/2025.json
GHA,7340301 QT,Kế toán (Chương trình CLC Kế toán tổng hợp Việt-Anh),A00; A01; D01; D07,21.15,Điểm thi THPT,,2025,https://github.com/kbaoooo/vn_schools_scores_data/blob/main/craw-data/scores/GHA/2025.json
GHA,7460112,Toán ứng dụng (chuyên ngành toán tin ứng dụng),A00; A01; D01; D07; X06,24.15,Điểm thi THPT,,2025,https://github.com/kbaoooo/vn_schools_scores_data/blob/main/craw-data/scores/GHA/2025.json
GHA,7480101,Khoa học máy tính,A00; A01; D07; X06,24.35,Điểm thi THPT,,2025,https://github.com/kbaoooo/vn_schools_scores_data/blob/main/craw-data/scores/GHA/2025.json
GHA,7480106,"Kỹ thuật máy tính (theo hướng chuyên sâu vi mạch bán dẫn, bao gồm lớp kỹ sư tài năng)",A00; A01; D07; X06,23.95,Điểm thi THPT,,2025,https://github.com/kbaoooo/vn_schools_scores_data/blob/main/craw-data/scores/GHA/2025.json
GHA,7480201,Công nghệ thông tin,A00; A01; D07; X06,23.7,Điểm thi THPT,,2025,https://github.com/kbaoooo/vn_schools_scores_data/blob/main/craw-data/scores/GHA/2025.json
GHA,7480201 QT,Công nghệ thông tin (Chương trình CLC Công nghệ thông tin Việt-Anh),A00; A01; D07; X06,23.1,Điểm thi THPT,,2025,https://github.com/kbaoooo/vn_schools_scores_data/blob/main/craw-data/scores/GHA/2025.json
GHA,7510605,Logistics và quản lý chuỗi cung ứng,A00; A01; D01; D07,27.52,Điểm thi THPT,,2025,https://github.com/kbaoooo/vn_schools_scores_data/blob/main/craw-data/scores/GHA/2025.json
GHA,7520103,"Kỹ thuật cơ khí (chuyên ngành: Công nghệ chế tạo cơ khí, Tự động hoá thiết kế cơ khí)",A00; A01; D07; X06,25.95,Điểm thi THPT,,2025,https://github.com/kbaoooo/vn_schools_scores_data/blob/main/craw-data/scores/GHA/2025.json
GHA,7520103 QT,Kỹ thuật cơ khí (Chương trình CLC Cơ khí ô tô Việt - Anh),A00; A01; D01; D07; X06,22.78,Điểm thi THPT,,2025,https://github.com/kbaoooo/vn_schools_scores_data/blob/main/craw-data/scores/GHA/2025.json
GHA,7520107,Kỹ thuật robot (chuyên ngành Kỹ thuật robot và trí tuệ nhân tạo),A00; A01; D07; X06,24.2,Điểm thi THPT,,2025,https://github.com/kbaoooo/vn_schools_scores_data/blob/main/craw-data/scores/GHA/2025.json
GHA,7520114,Kỹ thuật cơ điện tử,A00; A01; D07; X06,24.93,Điểm thi THPT,,2025,https://github.com/kbaoooo/vn_schools_scores_data/blob/main/craw-data/scores/GHA/2025.json
GHA,7520115,Kỹ thuật nhiệt (chuyên ngành: Kỹ thuật nhiệt lạnh và điều hoà không khí),A00; A01; D01; D07; X06,24.71,Điểm thi THPT,,2025,https://github.com/kbaoooo/vn_schools_scores_data/blob/main/craw-data/scores/GHA/2025.json
GHA,7520116,"Kỹ thuật cơ khí động lực (chuyên ngành: Kỹ thuật phương tiện đường sắt, Máy xây dựng, Kỹ thuật máy động lực)",A00; A01; D01; D07; X06,23.82,Điểm thi THPT,,2025,https://github.com/kbaoooo/vn_schools_scores_data/blob/main/craw-data/scores/GHA/2025.json
GHA,7520116 DS,Kỹ thuật cơ khí động lực (chuyên ngành Kỹ thuật phương tiện đường sắt tốc độ cao),A00; A01; D01; D07; X06,22.63,Điểm thi THPT,,2025,https://github.com/kbaoooo/vn_schools_scores_data/blob/main/craw-data/scores/GHA/2025.json
GHA,7520130,Kỹ thuật ô tô (bao gồm lớp kỹ sư tài năng),A00; A01; D07,23.66,Điểm thi THPT,,2025,https://github.com/kbaoooo/vn_schools_scores_data/blob/main/craw-data/scores/GHA/2025.json
GHA,7520201,"Kỹ thuật điện (chuyên ngành: Trang bị điện trong công nghiệp và GTVT, Hệ thống điện trong giao thông và công nghiệp)",A00; A01; D07; X06,23.88,Điểm thi THPT,,2025,https://github.com/kbaoooo/vn_schools_scores_data/blob/main/craw-data/scores/GHA/2025.json
GHA,7520201 DS,"Kỹ thuật điện (chuyên ngành Hệ thống điện đường sắt tốc độ cao, đường sắt đô thị)",A00; A01; D07; X06,23.39,Điểm thi THPT,,2025,https://github.com/kbaoooo/vn_schools_scores_data/blob/main/craw-data/scores/GHA/2025.json
GHA,7520207,"Kỹ thuật điện tử - viễn thông (chuyên ngành: Kỹ thuật viễn thông, Kỹ thuật thông tin và truyền thông, Kỹ thuật điện tử và tin học công nghiệp)",A00; A01; D07; X06,23.67,Điểm thi THPT,,2025,https://github.com/kbaoooo/vn_schools_scores_data/blob/main/craw-data/scores/GHA/2025.json
GHA,7520216,Kỹ thuật điều khiển và tự động hoá (chuyên ngành: Tự động hoá),A00; A01; D07; X06,25.42,Điểm thi THPT,,2025,https://github.com/kbaoooo/vn_schools_scores_data/blob/main/craw-data/scores/GHA/2025.json
GHA,7520216 DS,Kỹ thuật điều khiển và tự động hoá (chuyên ngành Điều khiển và thông tin tín hiệu đường sắt hiện đại),A00; A01; D07; X06,24.39,Điểm thi THPT,,2025,https://github.com/kbaoooo/vn_schools_scores_data/blob/main/craw-data/scores/GHA/2025.json
GHA,7520216-GTTM,Kỹ thuật điều khiển và tự động hoá (chuyên ngành Hệ thống giao thông thông minh),A00; A01; D07; X06,25.56,Điểm thi THPT,,2025,https://github.com/kbaoooo/vn_schools_scores_data/blob/main/craw-data/scores/GHA/2025.json
GHA,7520320,Kỹ thuật môi trường,A00; B00; D01; D07; X06,21.38,Điểm thi THPT,,2025,https://github.com/kbaoooo/vn_schools_scores_data/blob/main/craw-data/scores/GHA/2025.json
GHA,7580101,Kiến trúc,A00; A01; V00; V01,23.52,Điểm thi THPT,,2025,https://github.com/kbaoooo/vn_schools_scores_data/blob/main/craw-data/scores/GHA/2025.json
GHA,7580106,Quản lý đô thị và công trình,A00; A01; D01; D07; X06,22.62,Điểm thi THPT,,2025,https://github.com/kbaoooo/vn_schools_scores_data/blob/main/craw-data/scores/GHA/2025.json
GHA,7580201,"Kỹ thuật xây dựng (chuyên ngành: Xây dựng dân dụng và công nghiệp, Kết cấu xây dựng, Vật liệu và công nghệ xây dựng)",A00; A01; D01; D07; X06,22.44,Điểm thi THPT,,2025,https://github.com/kbaoooo/vn_schools_scores_data/blob/main/craw-data/scores/GHA/2025.json
GHA,7580201 QT,Kỹ thuật xây dựng (Chương trình tiên tiến Kỹ thuật xây dựng công trình GT),A00; A01; D01; D07; X06,19.71,Điểm thi THPT,,2025,https://github.com/kbaoooo/vn_schools_scores_data/blob/main/craw-data/scores/GHA/2025.json
GHA,7580202,Kỹ thuật xây dựng công trình thủy,A00; A01; D01; D07; X06,20.48,Điểm thi THPT,,2025,https://github.com/kbaoooo/vn_schools_scores_data/blob/main/craw-data/scores/GHA/2025.json
GHA,7580205,"Kỹ thuật xây dựng công trình giao thông (chuyên ngành: Cầu đường bộ, Đường bộ và kỹ thuật giao thông, Cầu và kết cấu, ĐS/ ĐS đô thị, XD sân bay cảng hàng không, Công trình GT đô thị)",A00; A01; D01; D07; X06,17.94,Điểm thi THPT,,2025,https://github.com/kbaoooo/vn_schools_scores_data/blob/main/craw-data/scores/GHA/2025.json
GHA,7580205 DS,Kỹ thuật xây dựng công trình giao thông (chuyên ngành đường sắt tốc độ cao),A00; A01; D01; D07; X06,22.47,Điểm thi THPT,,2025,https://github.com/kbaoooo/vn_schools_scores_data/blob/main/craw-data/scores/GHA/2025.json
GHA,7580205 QT1,Kỹ thuật xây dựng công trình giao thông (Chương trình CLC Cầu-Đường bộ Việt-Pháp),A00; A01; D03; D07; X06,20.01,Điểm thi THPT,,2025,https://github.com/kbaoooo/vn_schools_scores_data/blob/main/craw-data/scores/GHA/2025.json
GHA,7580205 QT2,Kỹ thuật xây dựng công trình giao thông (Chương trình CLC Cầu-Đường bộ Việt-Anh),A00; A01; D01; D07; X06,17.25,Điểm thi THPT,,2025,https://github.com/kbaoooo/vn_schools_scores_data/blob/main/craw-data/scores/GHA/2025.json
GHA,7580205 QT3,Kỹ thuật xây dựng công trình giao thông (Chương trình CLC Công trình giao thông đô thị Việt-Nhật),A00; A01; D01; D07; X06,16.19,Điểm thi THPT,,2025,https://github.com/kbaoooo/vn_schools_scores_data/blob/main/craw-data/scores/GHA/2025.json
GHA,7580210,Kỹ thuật cơ sở hạ tầng (chuyên ngành: cơ sở hạ tầng kỹ thuật đô thị),A00; A01; D01; D07; X06,22.28,Điểm thi THPT,,2025,https://github.com/kbaoooo/vn_schools_scores_data/blob/main/craw-data/scores/GHA/2025.json
GHA,7580215,Kỹ thuật an toàn giao thông (Ngành tuyển sinh các năm trước: Công nghệ kỹ thuật giao thông - Chuyên ngành: Kỹ thuật an toàn giao thông),A00; A01; D01; D07; X06,21.44,Điểm thi THPT,,2025,https://github.com/kbaoooo/vn_schools_scores_data/blob/main/craw-data/scores/GHA/2025.json
GHA,7580301,Kinh tế xây dựng (chuyên ngành: Kinh tế và quản lý đầu tư xây dựng),A00; A01; D01; D07; X06,24.08,Điểm thi THPT,,2025,https://github.com/kbaoooo/vn_schools_scores_data/blob/main/craw-data/scores/GHA/2025.json
GHA,7580301 QT,Kinh tế xây dựng (Chương trình CLC Kinh tế xây dựng công trình GT Việt-Anh),A00; A01; D01; D07; X06,20.52,Điểm thi THPT,,2025,https://github.com/kbaoooo/vn_schools_scores_data/blob/main/craw-data/scores/GHA/2025.json
GHA,7580302,Quản lý xây dựng,A00; A01; D01; D07; X06,23.24,Điểm thi THPT,,2025,https://github.com/kbaoooo/vn_schools_scores_data/blob/main/craw-data/scores/GHA/2025.json
GHA,7580302 QT,Quản lý xây dựng (Chương trình CLC Quản lý xây dựng Việt - Anh),A00; A01; D01; D07; X06,16.36,Điểm thi THPT,,2025,https://github.com/kbaoooo/vn_schools_scores_data/blob/main/craw-data/scores/GHA/2025.json
GHA,7810103,Quản trị dịch vụ du lịch và lữ hành,A00; A01; D01; D07,24.02,Điểm thi THPT,,2025,https://github.com/kbaoooo/vn_schools_scores_data/blob/main/craw-data/scores/GHA/2025.json
GHA,7840101,"Khai thác vận tải (chuyên ngành: Vận tải - Thương mại quốc tế, Quy hoạch và quản lý GTVT đô thị, Vận tải - Kinh tế đường bộ và thành phố, Vận tải đường sắt)",A00; A01; D01; D07,24.99,Điểm thi THPT,,2025,https://github.com/kbaoooo/vn_schools_scores_data/blob/main/craw-data/scores/GHA/2025.json
GHA,7840101 DS,"Khai thác vận tải (chuyên ngành Khai thác và quản lý đường sắt tốc độ cao, Khai thác và quản lý đường sắt đô thị)",A00; A01; D01; D07,21.29,Điểm thi THPT,,2025,https://github.com/kbaoooo/vn_schools_scores_data/blob/main/craw-data/scores/GHA/2025.json
GHA,7840104,"Kinh tế vận tải (chuyên ngành: Kinh tế vận tải ô tô, Kinh tế vận tải hàng không, Kinh tế vận tải đường sắt, Kinh tế vận tải thuỷ bộ)",A00; A01; D01; D07,25.07,Điểm thi THPT,,2025,https://github.com/kbaoooo/vn_schools_scores_data/blob/main/craw-data/scores/GHA/2025.json
GNT,7229042,Quản lý văn hóa,C00,18,Điểm thi THPT,,2025,https://github.com/kbaoooo/vn_schools_scores_data/blob/main/craw-data/scores/GNT/2025.json
GNT,7229042,Quản lý văn hóa,R00,26,Điểm thi THPT,,2025,https://github.com/kbaoooo/vn_schools_scores_data/blob/main/craw-data/scores/GNT/2025.json
GNT,7540204,Công nghệ may,A00,18,Điểm thi THPT,,2025,https://github.com/kbaoooo/vn_schools_scores_data/blob/main/craw-data/scores/GNT/2025.json
GNT,7540204,Công nghệ may,D01,18,Điểm thi THPT,,2025,https://github.com/kbaoooo/vn_schools_scores_data/blob/main/craw-data/scores/GNT/2025.json
GNT,7760101,Công tác xã hội,C00; C03; C04; D00,18,Điểm thi THPT,,2025,https://github.com/kbaoooo/vn_schools_scores_data/blob/main/craw-data/scores/GNT/2025.json
GNT,7810101,Du lịch,C00; C03; C04; D00,19,Điểm thi THPT,,2025,https://github.com/kbaoooo/vn_schools_scores_data/blob/main/craw-data/scores/GNT/2025.json
GSA,7340101,Quản trị kinh doanh,A00; A01; C01; D01,23.52,Điểm thi THPT,,2025,https://github.com/kbaoooo/vn_schools_scores_data/blob/main/craw-data/scores/GSA/2025.json
GSA,7340120,Kinh doanh quốc tế,A00; A01; C01; D01,25.86,Điểm thi THPT,,2025,https://github.com/kbaoooo/vn_schools_scores_data/blob/main/craw-data/scores/GSA/2025.json
GSA,7340201,Tài chính - Ngân hàng,A00; A01; C01; D01,24.3,Điểm thi THPT,,2025,https://github.com/kbaoooo/vn_schools_scores_data/blob/main/craw-data/scores/GSA/2025.json
GSA,7340301,Kế toán (chuyên ngành Kế toán tổng hợp),A00; A01; C01; D01,23.18,Điểm thi THPT,,2025,https://github.com/kbaoooo/vn_schools_scores_data/blob/main/craw-data/scores/GSA/2025.json
GSA,7480106,Kỹ thuật máy tính (theo hướng chuyên sâu vi mạch bán dẫn),A00; A01; C01; X06,23.86,Điểm thi THPT,,2025,https://github.com/kbaoooo/vn_schools_scores_data/blob/main/craw-data/scores/GSA/2025.json
GSA,7480201,Công nghệ thông tin,A00; A01; C01; D01; X06,24.76,Điểm thi THPT,,2025,https://github.com/kbaoooo/vn_schools_scores_data/blob/main/craw-data/scores/GSA/2025.json
GSA,7510605,Logistics và Quản lý chuỗi cung ứng,A00; A01; C01; D01,27.38,Điểm thi THPT,,2025,https://github.com/kbaoooo/vn_schools_scores_data/blob/main/craw-data/scores/GSA/2025.json
GSA,7520114,Kỹ thuật cơ điện tử,A00; A01; C01; D01; X06,25.5,Điểm thi THPT,,2025,https://github.com/kbaoooo/vn_schools_scores_data/blob/main/craw-data/scores/GSA/2025.json
GSA,7520116,"Kỹ thuật cơ khí động lực (chuyên ngành: Máy xây dựng, Kỹ thuật máy động lực)",A00; A01; C01; D01; X06,24.02,Điểm thi THPT,,2025,https://github.com/kbaoooo/vn_schools_scores_data/blob/main/craw-data/scores/GSA/2025.json
GSA,7520130,Kỹ thuật ô tô,A00; A01; C01; D01,24.42,Điểm thi THPT,,2025,https://github.com/kbaoooo/vn_schools_scores_data/blob/main/craw-data/scores/GSA/2025.json
GSA,7520201,Kỹ thuật điện (chuyên ngành: Trang bị điện trong công nghiệp và GTVT),A00; A01; C01; D01; X06,24.58,Điểm thi THPT,,2025,https://github.com/kbaoooo/vn_schools_scores_data/blob/main/craw-data/scores/GSA/2025.json
GSA,7520207,"Kỹ thuật điện tử - viễn thông (chuyên ngành: Kỹ thuật viễn thông, Kỹ thuật Điện tử và tin học công nghiệp)",A00; A01; C01; D01; X06,24.2,Điểm thi THPT,,2025,https://github.com/kbaoooo/vn_schools_scores_data/blob/main/craw-data/scores/GSA/2025.json
GSA,7520216,Kỹ thuật điều khiển và tự động hoá (chuyên ngành: Tự động hoá),A00; A01; C01; D01; X06,25.7,Điểm thi THPT,,2025,https://github.com/kbaoooo/vn_schools_scores_data/blob/main/craw-data/scores/GSA/2025.json
GSA,7580101,Kiến trúc,A00; A01; V00; V01,22.12,Điểm thi THPT,,2025,https://github.com/kbaoooo/vn_schools_scores_data/blob/main/craw-data/scores/GSA/2025.json
GSA,7580106,Quản lý đô thị và công trình,A00; A01; C01; D01; X06,15.06,Điểm thi THPT,,2025,https://github.com/kbaoooo/vn_schools_scores_data/blob/main/craw-data/scores/GSA/2025.json
GSA,7580201,Kỹ thuật xây dựng (chuyên ngành: Xây dựng dân dụng và công nghiệp),A00; A01; C01; D01; X06,21.34,Điểm thi THPT,,2025,https://github.com/kbaoooo/vn_schools_scores_data/blob/main/craw-data/scores/GSA/2025.json
GSA,7580205,"Kỹ thuật xây dựng công trình giao thông (chuyên ngành: Cầu đường bộ, Đường bộ và kỹ thuật giao thông)",A00; A01; C01; D01; X06,19.76,Điểm thi THPT,,2025,https://github.com/kbaoooo/vn_schools_scores_data/blob/main/craw-data/scores/GSA/2025.json
GSA,7580205-CLC,Kỹ thuật xây dựng công trình giao thông (Chương trình CLC Cầu - Đường bộ Việt-Anh),A00; A01; C01; D01; X06,15.12,Điểm thi THPT,,2025,https://github.com/kbaoooo/vn_schools_scores_data/blob/main/craw-data/scores/GSA/2025.json
GSA,7580205-DS,Kỹ thuật xây dựng công trình giao thông (chuyên ngành Đường sắt tốc độ cao),A00; A01; C01; D01; X06,21.46,Điểm thi THPT,,2025,https://github.com/kbaoooo/vn_schools_scores_data/blob/main/craw-data/scores/GSA/2025.json
GSA,7580301,Kinh tế xây dựng (chuyên ngành: Kinh tế và quản lý đầu tư xây dựng),A00; A01; C01; D01; X06,22.04,Điểm thi THPT,,2025,https://github.com/kbaoooo/vn_schools_scores_data/blob/main/craw-data/scores/GSA/2025.json
GSA,7580302,Quản lý xây dựng (chuyên ngành: Quản lý dự án),A00; A01; C01; D01; X06,21.14,Điểm thi THPT,,2025,https://github.com/kbaoooo/vn_schools_scores_data/blob/main/craw-data/scores/GSA/2025.json
GSA,7810103,Quản trị dịch vụ du lịch và lữ hành,A00; A01; C01; D01,22.48,Điểm thi THPT,,2025,https://github.com/kbaoooo/vn_schools_scores_data/blob/main/craw-data/scores/GSA/2025.json
GSA,7840101,"Khai thác vận tải (chuyên ngành: Vận tải - Thương mại quốc tế, Quy hoạch và quản lý GTVT đô thị)",A00; A01; C01; D01,25.78,Điểm thi THPT,,2025,https://github.com/kbaoooo/vn_schools_scores_data/blob/main/craw-data/scores/GSA/2025.json
GSA,7840104,Kinh tế vận tải (chuyên ngành: Kinh tế vận tải thuỷ bộ),A00; A01; C01; D01,25.46,Điểm thi THPT,,2025,https://github.com/kbaoooo/vn_schools_scores_data/blob/main/craw-data/scores/GSA/2025.json
GTA,GTADCAT2,An toàn dữ liệu và an ninh mạng,A00; A01; D01; D07; C01; C02; X02; X03; X26; X27,23,Điểm thi THPT,,2025,https://github.com/kbaoooo/vn_schools_scores_data/blob/main/craw-data/scores/GTA/2025.json
GTA,GTADCBC2,Quản lý; khai thác và bảo trì đường cao tốc,A00; A01; D01; D07; C01; C02; X02; X03; X26; X27,16,Điểm thi THPT,,2025,https://github.com/kbaoooo/vn_schools_scores_data/blob/main/craw-data/scores/GTA/2025.json
GTA,GTADCBI2,Mô hình thông tin công trình giao thông (BIM),A00; A01; D01; D07; C01; C02; X02; X03; X26; X27,16,Điểm thi THPT,,2025,https://github.com/kbaoooo/vn_schools_scores_data/blob/main/craw-data/scores/GTA/2025.json
GTA,GTADCCD1,CNKT Cầu đường bộ (học tại Vĩnh Phúc),A00; A01; D01; D07; C01; C02; X02; X03; X26; X27,16,Điểm thi THPT,,2025,https://github.com/kbaoooo/vn_schools_scores_data/blob/main/craw-data/scores/GTA/2025.json
GTA,GTADCCD2,Công nghệ kỹ thuật xây dựng Cầu đường bộ,A00; A01; D01; D07; C01; C02; X02; X03; X26; X27,16,Điểm thi THPT,,2025,https://github.com/kbaoooo/vn_schools_scores_data/blob/main/craw-data/scores/GTA/2025.json
GTA,GTADCCDD2,Công nghệ kỹ thuật xây dựng cầu đường bộ (hợp tác doanh nghiệp),A00; A01; D01; D07; C01; C02; X02; X03; X26; X27,16,Điểm thi THPT,,2025,https://github.com/kbaoooo/vn_schools_scores_data/blob/main/craw-data/scores/GTA/2025.json
GTA,GTADCCDJ2,Công nghệ kỹ thuật xây dựng Cầu đường bộ (tăng cường tiếng Nhật; định hướng làm việc tại Nhật Bản),A00; A01; D01; D07; C01; C02; X02; X03; X26; X27,18,Điểm thi THPT,,2025,https://github.com/kbaoooo/vn_schools_scores_data/blob/main/craw-data/scores/GTA/2025.json
GTA,GTADCCH2,Hạ tầng giao thông đô thị thông minh,A00; A01; D01; D07; C01; C02; X02; X03; X26; X27,17,Điểm thi THPT,,2025,https://github.com/kbaoooo/vn_schools_scores_data/blob/main/craw-data/scores/GTA/2025.json
GTA,GTADCCI2,Thương mại quốc tế,A00; A01; D01; D07; C01; C02; X01; X02; X03; X25; X26; X27,22.5,Điểm thi THPT,,2025,https://github.com/kbaoooo/vn_schools_scores_data/blob/main/craw-data/scores/GTA/2025.json
GTA,GTADCCM2,Công nghệ chế tạo máy,A00; A01; D01; D07; C01; C02; X02; X03; X26; X27,21,Điểm thi THPT,,2025,https://github.com/kbaoooo/vn_schools_scores_data/blob/main/craw-data/scores/GTA/2025.json
GTA,GTADCCMJ2,Công nghệ chế tạo máy (tăng cường tiếng Nhật; định hướng làm việc tại Nhật Bản),A00; A01; D01; D07; C01; C02; X02; X03; X26; X27,18,Điểm thi THPT,,2025,https://github.com/kbaoooo/vn_schools_scores_data/blob/main/craw-data/scores/GTA/2025.json
GTA,GTADCCN2,Công nghệ kỹ thuật cơ điện tử,A00; A01; D01; D07; C01; C02; X02; X03; X26; X27,23,Điểm thi THPT,,2025,https://github.com/kbaoooo/vn_schools_scores_data/blob/main/craw-data/scores/GTA/2025.json
GTA,GTADCDD2,CNKT công trình xây dựng dân dụng và công nghiệp,A00; A01; D01; D07; C01; C02; X02; X03; X26; X27,16,Điểm thi THPT,,2025,https://github.com/kbaoooo/vn_schools_scores_data/blob/main/craw-data/scores/GTA/2025.json
GTA,GTADCDM2,CNKT cơ khí đầu máy - toa xe và tàu điện Metro,A00; A01; D01; D07; C01; C02; X02; X03; X26; X27,16,Điểm thi THPT,,2025,https://github.com/kbaoooo/vn_schools_scores_data/blob/main/craw-data/scores/GTA/2025.json
GTA,GTADCDT2,Công nghệ kỹ thuật điện tử - viễn thông,A00; A01; D01; D07; C01; C02; X02; X03; X26; X27,21.5,Điểm thi THPT,,2025,https://github.com/kbaoooo/vn_schools_scores_data/blob/main/craw-data/scores/GTA/2025.json
GTA,GTADCDTJ2,Công nghệ kỹ thuật Điện tử - Viễn thông (tăng cường tiếng Nhật; định hướng làm việc tại Nhật Bản),A00; A01; D01; D07; C01; C02; X02; X03; X26; X27,18,Điểm thi THPT,,2025,https://github.com/kbaoooo/vn_schools_scores_data/blob/main/craw-data/scores/GTA/2025.json
GTA,GTADCEN2,Ngôn ngữ Anh,A01; D01; D07; X25; X26; X27,23.2,Điểm thi THPT,,2025,https://github.com/kbaoooo/vn_schools_scores_data/blob/main/craw-data/scores/GTA/2025.json
GTA,GTADCFT2,Công nghệ tài chính,A00; A01; D01; D07; C01; C02; X01; X02; X03; X25; X26; X27,21,Điểm thi THPT,,2025,https://github.com/kbaoooo/vn_schools_scores_data/blob/main/craw-data/scores/GTA/2025.json
GTA,GTADCHQ2,Hải quan và Logistics,A00; A01; D01; D07; C01; C02; X01; X02; X03; X25; X26; X27,23,Điểm thi THPT,,2025,https://github.com/kbaoooo/vn_schools_scores_data/blob/main/craw-data/scores/GTA/2025.json
GTA,GTADCHS2,Đường sắt tốc độ cao,A00; A01; D01; D07; C01; C02; X02; X03; X26; X27,16,Điểm thi THPT,,2025,https://github.com/kbaoooo/vn_schools_scores_data/blob/main/craw-data/scores/GTA/2025.json
GTA,GTADCHSA2,Đường sắt tốc độ cao (công nghệ Hàn Quốc; tăng cường tiếng Anh),A00; A01; D01; D07; C01; C02; X02; X03; X26; X27,18,Điểm thi THPT,,2025,https://github.com/kbaoooo/vn_schools_scores_data/blob/main/craw-data/scores/GTA/2025.json
GTA,GTADCHT2,Hệ thống thông tin,A00; A01; D01; D07; C01; C02; X02; X03; X26; X27,21,Điểm thi THPT,,2025,https://github.com/kbaoooo/vn_schools_scores_data/blob/main/craw-data/scores/GTA/2025.json
GTA,GTADCKB2,Kinh tế và quản lý bất động sản,A00; A01; D01; D07; C01; C02; X02; X03; X26; X27,20,Điểm thi THPT,,2025,https://github.com/kbaoooo/vn_schools_scores_data/blob/main/craw-data/scores/GTA/2025.json
GTA,GTADCKN2,Kiến trúc nội thất,A00; A01; D01; D07; C01; C02; X02; X03; X26; X27,20,Điểm thi THPT,,2025,https://github.com/kbaoooo/vn_schools_scores_data/blob/main/craw-data/scores/GTA/2025.json
GTA,GTADCKQA2,Kinh doanh quốc tế (tăng cường tiếng Anh),A00; A01; D01; D07; C01; C02; X01; X02; X03; X25; X26; X27,18,Điểm thi THPT,,2025,https://github.com/kbaoooo/vn_schools_scores_data/blob/main/craw-data/scores/GTA/2025.json
GTA,GTADCKS2,Kinh doanh số,A00; A01; D01; D07; C01; C02; X01; X02; X03; X25; X26; X27,20,Điểm thi THPT,,2025,https://github.com/kbaoooo/vn_schools_scores_data/blob/main/craw-data/scores/GTA/2025.json
GTA,GTADCKT1,Kế toán doanh nghiệp (học tại Vĩnh Phúc),A00; A01; D01; D07; C01; C02; X01; X02; X03; X25; X26; X27,16,Điểm thi THPT,,2025,https://github.com/kbaoooo/vn_schools_scores_data/blob/main/craw-data/scores/GTA/2025.json
GTA,GTADCKT2,Kế toán doanh nghiệp,A00; A01; D01; D07; C01; C02; X01; X02; X03; X25; X26; X27,21,Điểm thi THPT,,2025,https://github.com/kbaoooo/vn_schools_scores_data/blob/main/craw-data/scores/GTA/2025.json
GTA,GTADCKX2,Kinh tế xây dựng,A00; A01; D01; D07; C01; C02; X02; X03; X26; X27,20,Điểm thi THPT,,2025,https://github.com/kbaoooo/vn_schools_scores_data/blob/main/craw-data/scores/GTA/2025.json
GTA,GTADCLA2,Luật,C00; C03; C04; D01; X01; X25,24,Điểm thi THPT,,2025,https://github.com/kbaoooo/vn_schools_scores_data/blob/main/craw-data/scores/GTA/2025.json
GTA,GTADCLD2,Lữ hành và du lịch,A00; A01; D01; D07; C01; C02; X02; X03; X26; X27,22,Điểm thi THPT,,2025,https://github.com/kbaoooo/vn_schools_scores_data/blob/main/craw-data/scores/GTA/2025.json
GTA,GTADCLDA2,Lữ hành và du lịch (tăng cường tiếng Anh),A00; A01; D01; D07; C01; C02; X02; X03; X26; X27,18,Điểm thi THPT,,2025,https://github.com/kbaoooo/vn_schools_scores_data/blob/main/craw-data/scores/GTA/2025.json
GTA,GTADCLG2,Logistics và quản lý chuỗi cung ứng,A00; A01; D01; D07; C01; C02; X02; X03; X26; X27,24.5,Điểm thi THPT,,2025,https://github.com/kbaoooo/vn_schools_scores_data/blob/main/craw-data/scores/GTA/2025.json
GTA,GTADCLGA2,Logistics và quản lý chuỗi cung ứng (tăng cường tiếng Anh),A00; A01; D01; D07; C01; C02; X02; X03; X26; X27,20,Điểm thi THPT,,2025,https://github.com/kbaoooo/vn_schools_scores_data/blob/main/craw-data/scores/GTA/2025.json
GTA,GTADCLGJ2,Logistics và quản lý chuỗi cung ứng (tăng cường tiếng Nhật; định hướng làm việc tại Nhật Bản),A00; A01; D01; D07; C01; C02; X02; X03; X26; X27,20,Điểm thi THPT,,2025,https://github.com/kbaoooo/vn_schools_scores_data/blob/main/craw-data/scores/GTA/2025.json
GTA,GTADCLH2,Logistics và hạ tầng giao thông,A00; A01; D01; D07; C01; C02; X02; X03; X26; X27,21,Điểm thi THPT,,2025,https://github.com/kbaoooo/vn_schools_scores_data/blob/main/craw-data/scores/GTA/2025.json
GTA,GTADCLHA2,Hải quan và Logistics (tăng cường tiếng Anh),A00; A01; D01; D07; C01; C02; X01; X02; X03; X25; X26; X27,20,Điểm thi THPT,,2025,https://github.com/kbaoooo/vn_schools_scores_data/blob/main/craw-data/scores/GTA/2025.json
GTA,GTADCMN2,Công nghệ và quản lý môi trường,A00; A01; D01; D07; C01; C02; X02; X03; X26; X27,16,Điểm thi THPT,,2025,https://github.com/kbaoooo/vn_schools_scores_data/blob/main/craw-data/scores/GTA/2025.json
GTA,GTADCMT2,CNKT cơ khí tàu thủy và công trình nổi,A00; A01; D01; D07; C01; C02; X02; X03; X26; X27,16,Điểm thi THPT,,2025,https://github.com/kbaoooo/vn_schools_scores_data/blob/main/craw-data/scores/GTA/2025.json
GTA,GTADCMX2,Máy và thiết bị tự động hóa xây dựng,A00; A01; D01; D07; C01; C02; X02; X03; X26; X27,16,Điểm thi THPT,,2025,https://github.com/kbaoooo/vn_schools_scores_data/blob/main/craw-data/scores/GTA/2025.json
GTA,GTADCOD2,Cơ điện tử ô tô,A00; A01; D01; D07; C01; C02; X02; X03; X26; X27,21,Điểm thi THPT,,2025,https://github.com/kbaoooo/vn_schools_scores_data/blob/main/craw-data/scores/GTA/2025.json
GTA,GTADCODA2,Cơ điện tử·ô tô (tăng cường tiếng Anh),A00; A01; D01; D07; C01; C02; X02; X03; X26; X27,18,Điểm thi THPT,,2025,https://github.com/kbaoooo/vn_schools_scores_data/blob/main/craw-data/scores/GTA/2025.json
GTA,GTADCOG2,Công nghệ ô tô và giao thông thông minh,A00; A01; D01; D07; C01; C02; X02; X03; X26; X27,21.5,Điểm thi THPT,,2025,https://github.com/kbaoooo/vn_schools_scores_data/blob/main/craw-data/scores/GTA/2025.json
GTA,GTADCOH2,Công nghệ ô tô điện và ô tô hybrid,A00; A01; D01; D07; C01; C02; X02; X03; X26; X27,22,Điểm thi THPT,,2025,https://github.com/kbaoooo/vn_schools_scores_data/blob/main/craw-data/scores/GTA/2025.json
GTA,GTADCOT1,Công nghệ kỹ thuật ô tô (học tại Vĩnh Phúc),A00; A01; D01; D07; C01; C02; X02; X03; X26; X27,16,Điểm thi THPT,,2025,https://github.com/kbaoooo/vn_schools_scores_data/blob/main/craw-data/scores/GTA/2025.json
GTA,GTADCOT2,Công nghệ kỹ thuật ô tô,A00; A01; D01; D07; C01; C02; X02; X03; X26; X27,23,Điểm thi THPT,,2025,https://github.com/kbaoooo/vn_schools_scores_data/blob/main/craw-data/scores/GTA/2025.json
GTA,GTADCQM2,Quản trị Marketing,A00; A01; D01; D07; C01; C02; X01; X02; X03; X25; X26; X27,22.5,Điểm thi THPT,,2025,https://github.com/kbaoooo/vn_schools_scores_data/blob/main/craw-data/scores/GTA/2025.json
GTA,GTADCQMA2,Quản trị Marketing (tăng cường tiếng Anh),A00; A01; D01; D07; C01; C02; X01; X02; X03; X25; X26; X27,20,Điểm thi THPT,,2025,https://github.com/kbaoooo/vn_schools_scores_data/blob/main/craw-data/scores/GTA/2025.json
GTA,GTADCQT2,Quản trị doanh nghiệp,A00; A01; D01; D07; C01; C02; X01; X02; X03; X25; X26; X27,22,Điểm thi THPT,,2025,https://github.com/kbaoooo/vn_schools_scores_data/blob/main/craw-data/scores/GTA/2025.json
GTA,GTADCQX2,Quản lý xây dựng,A00; A01; D01; D07; C01; C02; X02; X03; X26; X27,20,Điểm thi THPT,,2025,https://github.com/kbaoooo/vn_schools_scores_data/blob/main/craw-data/scores/GTA/2025.json
GTA,GTADCQXD2,Quản lý xây dựng (hợp tác doanh nghiệp),A00; A01; D01; D07; C01; C02; X02; X03; X26; X27,18,Điểm thi THPT,,2025,https://github.com/kbaoooo/vn_schools_scores_data/blob/main/craw-data/scores/GTA/2025.json
GTA,GTADCRT2,Công nghệ kỹ thuật Robot và Trí tuệ nhân tạo,A00; A01; D01; D07; C01; C02; X02; X03; X26; X27,20,Điểm thi THPT,,2025,https://github.com/kbaoooo/vn_schools_scores_data/blob/main/craw-data/scores/GTA/2025.json
GTA,GTADCTD2,Thương mại điện tử,A00; A01; D01; D07; C01; C02; X01; X02; X03; X25; X26; X27,23.5,Điểm thi THPT,,2025,https://github.com/kbaoooo/vn_schools_scores_data/blob/main/craw-data/scores/GTA/2025.json
GTA,GTADCTDA2,Thương mại điện tử (tăng cường tiếng Anh),A00; A01; D01; D07; C01; C02; X01; X02; X03; X25; X26; X27,20,Điểm thi THPT,,2025,https://github.com/kbaoooo/vn_schools_scores_data/blob/main/craw-data/scores/GTA/2025.json
GTA,GTADCTG2,Trí tuệ nhân tạo và giao thông thông minh,A00; A01; D01; D07; C01; C02; X02; X03; X26; X27,21,Điểm thi THPT,,2025,https://github.com/kbaoooo/vn_schools_scores_data/blob/main/craw-data/scores/GTA/2025.json
GTA,GTADCTGA2,Trí tuệ nhân tạo và giao thông thông minh (tăng cường tiếng Anh),A00; A01; D01; D07; C01; C02; X02; X03; X26; X27,20,Điểm thi THPT,,2025,https://github.com/kbaoooo/vn_schools_scores_data/blob/main/craw-data/scores/GTA/2025.json
GTA,GTADCTN2,Tài chính doanh nghiệp,A00; A01; D01; D07; C01; C02; X01; X02; X03; X25; X26; X27,21,Điểm thi THPT,,2025,https://github.com/kbaoooo/vn_schools_scores_data/blob/main/craw-data/scores/GTA/2025.json
GTA,GTADCTQ2,Thanh tra và quản lý công trình giao thông,A00; A01; D01; D07; C01; C02; X02; X03; X26; X27,16,Điểm thi THPT,,2025,https://github.com/kbaoooo/vn_schools_scores_data/blob/main/craw-data/scores/GTA/2025.json
GTA,GTADCTT1,Công nghệ thông tin (học tại Vĩnh Phúc),A00; A01; D01; D07; C01; C02; X02; X03; X26; X27,16,Điểm thi THPT,,2025,https://github.com/kbaoooo/vn_schools_scores_data/blob/main/craw-data/scores/GTA/2025.json
GTA,GTADCTT2,Công nghệ thông tin,A00; A01; D01; D07; C01; C02; X02; X03; X26; X27,23.5,Điểm thi THPT,,2025,https://github.com/kbaoooo/vn_schools_scores_data/blob/main/craw-data/scores/GTA/2025.json
GTA,GTADCTTA2,Công nghệ thông tin (tăng cường tiếng Anh),A00; A01; D01; D07; C01; C02; X02; X03; X26; X27,20,Điểm thi THPT,,2025,https://github.com/kbaoooo/vn_schools_scores_data/blob/main/craw-data/scores/GTA/2025.json
GTA,GTADCVL2,Logistics và vận tải đa phương thức,A00; A01; D01; D07; C01; C02; X02; X03; X26; X27,22.5,Điểm thi THPT,,2025,https://github.com/kbaoooo/vn_schools_scores_data/blob/main/craw-data/scores/GTA/2025.json
GTA,GTADCVM2,Công nghệ kỹ thuật vi mạch bán dẫn,A00; A01; D01; D07; C01; C02; X02; X03; X26; X27,24,Điểm thi THPT,,2025,https://github.com/kbaoooo/vn_schools_scores_data/blob/main/craw-data/scores/GTA/2025.json
GTA,GTADCVS2,Quản lý và điều hành vận tải đường sắt,A00; A01; D01; D07; C01; C02; X02; X03; X26; X27,18,Điểm thi THPT,,2025,https://github.com/kbaoooo/vn_schools_scores_data/blob/main/craw-data/scores/GTA/2025.json
GTA,GTADCVV2,Kỹ thuật vi điện tử và vật lý bán dẫn,A00; A01; D01; D07; C01; C02; X02; X03; X26; X27,21,Điểm thi THPT,,2025,https://github.com/kbaoooo/vn_schools_scores_data/blob/main/craw-data/scores/GTA/2025.json
GTA,GTADCXQ2,Xây dựng và quản lý hạ tầng đô thị,A00; A01; D01; D07; C01; C02; X02; X03; X26; X27,19,Điểm thi THPT,,2025,https://github.com/kbaoooo/vn_schools_scores_data/blob/main/craw-data/scores/GTA/2025.json
GTA,GTADKLG2,Logistics (Trường Đại học Tongmyong - Hàn Quốc cấp bằng),A00; A01; D01; D07; C01; C02; X02; X03; X26; X27,21,Điểm thi THPT,,2025,https://github.com/kbaoooo/vn_schools_scores_data/blob/main/craw-data/scores/GTA/2025.json
GTA,GTADKTT2,Công nghệ thông tin (ĐH Công nghệ thông tin và quản lý Ba Lan- UITM cấp bằng),A00; A01; D01; D07; C01; C02; X02; X03; X26; X27,21,Điểm thi THPT,,2025,https://github.com/kbaoooo/vn_schools_scores_data/blob/main/craw-data/scores/GTA/2025.json
HBT,527,"Kinh tế, chuyên ngành Quản lý kinh tế",D01; X02,24.58,Điểm thi THPT,,2025,https://github.com/kbaoooo/vn_schools_scores_data/blob/main/craw-data/scores/HBT/2025.json
HBT,527,"Kinh tế, chuyên ngành Quản lý kinh tế",C03; X01,25.08,Điểm thi THPT,,2025,https://github.com/kbaoooo/vn_schools_scores_data/blob/main/craw-data/scores/HBT/2025.json
HBT,530,"Chính trị học, chuyên ngành Công tác tư tưởng - văn hóa",D01; X02,22.98,Điểm thi THPT,,2025,https://github.com/kbaoooo/vn_schools_scores_data/blob/main/craw-data/scores/HBT/2025.json
HBT,530,"Chính trị học, chuyên ngành Công tác tư tưởng - văn hóa",C03; X01,23.48,Điểm thi THPT,,2025,https://github.com/kbaoooo/vn_schools_scores_data/blob/main/craw-data/scores/HBT/2025.json
HBT,531,"Chính trị học, chuyên ngành Chính trị phát triển",D01; X02,23.07,Điểm thi THPT,,2025,https://github.com/kbaoooo/vn_schools_scores_data/blob/main/craw-data/scores/HBT/2025.json
HBT,531,"Chính trị học, chuyên ngành Chính trị phát triển",C03; X01,23.57,Điểm thi THPT,,2025,https://github.com/kbaoooo/vn_schools_scores_data/blob/main/craw-data/scores/HBT/2025.json
HBT,533,"Chính trị học, chuyên ngành Tư tưởng Hồ Chí Minh",D01; X02,23.17,Điểm thi THPT,,2025,https://github.com/kbaoooo/vn_schools_scores_data/blob/main/craw-data/scores/HBT/2025.json
HBT,533,"Chính trị học, chuyên ngành Tư tưởng Hồ Chí Minh",C03; X01,23.67,Điểm thi THPT,,2025,https://github.com/kbaoooo/vn_schools_scores_data/blob/main/craw-data/scores/HBT/2025.json
HBT,538,"Chính trị học, chuyên ngành Truyền thông chính sách",D01; X02,24.1,Điểm thi THPT,,2025,https://github.com/kbaoooo/vn_schools_scores_data/blob/main/craw-data/scores/HBT/2025.json
HBT,538,"Chính trị học, chuyên ngành Truyền thông chính sách",C03; X01,24.6,Điểm thi THPT,,2025,https://github.com/kbaoooo/vn_schools_scores_data/blob/main/craw-data/scores/HBT/2025.json
HBT,602,"Báo chí, chuyên ngành Báo in",D01,33.82,Điểm thi THPT,,2025,https://github.com/kbaoooo/vn_schools_scores_data/blob/main/craw-data/scores/HBT/2025.json
HBT,602,"Báo chí, chuyên ngành Báo in",D14,34.57,Điểm thi THPT,,2025,https://github.com/kbaoooo/vn_schools_scores_data/blob/main/craw-data/scores/HBT/2025.json
HBT,602,"Báo chí, chuyên ngành Báo in",X78,34.82,Điểm thi THPT,,2025,https://github.com/kbaoooo/vn_schools_scores_data/blob/main/craw-data/scores/HBT/2025.json
HBT,602,"Báo chí, chuyên ngành Báo in",X79,34.32,Điểm thi THPT,,2025,https://github.com/kbaoooo/vn_schools_scores_data/blob/main/craw-data/scores/HBT/2025.json
HBT,603,"Báo chí, chuyên ngành Ảnh báo chí",D01,34.08,Điểm thi THPT,,2025,https://github.com/kbaoooo/vn_schools_scores_data/blob/main/craw-data/scores/HBT/2025.json
HBT,603,"Báo chí, chuyên ngành Ảnh báo chí",D14,34.83,Điểm thi THPT,,2025,https://github.com/kbaoooo/vn_schools_scores_data/blob/main/craw-data/scores/HBT/2025.json
HBT,603,"Báo chí, chuyên ngành Ảnh báo chí",X78,35.08,Điểm thi THPT,,2025,https://github.com/kbaoooo/vn_schools_scores_data/blob/main/craw-data/scores/HBT/2025.json
HBT,603,"Báo chí, chuyên ngành Ảnh báo chí",X79,34.58,Điểm thi THPT,,2025,https://github.com/kbaoooo/vn_schools_scores_data/blob/main/craw-data/scores/HBT/2025.json
HBT,604,"Báo chí, chuyên ngành Báo phát thanh",D01,34.3,Điểm thi THPT,,2025,https://github.com/kbaoooo/vn_schools_scores_data/blob/main/craw-data/scores/HBT/2025.json
HBT,604,"Báo chí, chuyên ngành Báo phát thanh",D14,35.05,Điểm thi THPT,,2025,https://github.com/kbaoooo/vn_schools_scores_data/blob/main/craw-data/scores/HBT/2025.json
HBT,604,"Báo chí, chuyên ngành Báo phát thanh",X78,35.3,Điểm thi THPT,,2025,https://github.com/kbaoooo/vn_schools_scores_data/blob/main/craw-data/scores/HBT/2025.json
HBT,604,"Báo chí, chuyên ngành Báo phát thanh",X79,34.8,Điểm thi THPT,,2025,https://github.com/kbaoooo/vn_schools_scores_data/blob/main/craw-data/scores/HBT/2025.json
HBT,605,"Báo chí, chuyên ngành Báo truyền hình",X78,35.96,Điểm thi THPT,,2025,https://github.com/kbaoooo/vn_schools_scores_data/blob/main/craw-data/scores/HBT/2025.json
HBT,605,"Báo chí, chuyên ngành Báo truyền hình",X79,35.46,Điểm thi THPT,,2025,https://github.com/kbaoooo/vn_schools_scores_data/blob/main/craw-data/scores/HBT/2025.json
HBT,605,"Báo chí, chuyên ngành Báo truyền hình",D01,34.96,Điểm thi THPT,,2025,https://github.com/kbaoooo/vn_schools_scores_data/blob/main/craw-data/scores/HBT/2025.json
HBT,605,"Báo chí, chuyên ngành Báo truyền hình",D14,35.71,Điểm thi THPT,,2025,https://github.com/kbaoooo/vn_schools_scores_data/blob/main/craw-data/scores/HBT/2025.json
HBT,606,"Báo chí, chuyên ngành Quay phim truyền hình",D01,33.64,Điểm thi THPT,,2025,https://github.com/kbaoooo/vn_schools_scores_data/blob/main/craw-data/scores/HBT/2025.json
HBT,606,"Báo chí, chuyên ngành Quay phim truyền hình",D14,34.39,Điểm thi THPT,,2025,https://github.com/kbaoooo/vn_schools_scores_data/blob/main/craw-data/scores/HBT/2025.json
HBT,606,"Báo chí, chuyên ngành Quay phim truyền hình",X78,34.64,Điểm thi THPT,,2025,https://github.com/kbaoooo/vn_schools_scores_data/blob/main/craw-data/scores/HBT/2025.json
HBT,606,"Báo chí, chuyên ngành Quay phim truyền hình",X79,34.14,Điểm thi THPT,,2025,https://github.com/kbaoooo/vn_schools_scores_data/blob/main/craw-data/scores/HBT/2025.json
HBT,607,"Báo chí, chuyên ngành Báo mạng điện tử",D01,34.57,Điểm thi THPT,,2025,https://github.com/kbaoooo/vn_schools_scores_data/blob/main/craw-data/scores/HBT/2025.json
HBT,607,"Báo chí, chuyên ngành Báo mạng điện tử",D14,35.32,Điểm thi THPT,,2025,https://github.com/kbaoooo/vn_schools_scores_data/blob/main/craw-data/scores/HBT/2025.json
HBT,607,"Báo chí, chuyên ngành Báo mạng điện tử",X78,35.57,Điểm thi THPT,,2025,https://github.com/kbaoooo/vn_schools_scores_data/blob/main/craw-data/scores/HBT/2025.json
HBT,607,"Báo chí, chuyên ngành Báo mạng điện tử",X79,35.07,Điểm thi THPT,,2025,https://github.com/kbaoooo/vn_schools_scores_data/blob/main/craw-data/scores/HBT/2025.json
HBT,610,"Quan hệ quốc tế, chuyên ngành Thông tin đối ngoại",D01,35,Điểm thi THPT,,2025,https://github.com/kbaoooo/vn_schools_scores_data/blob/main/craw-data/scores/HBT/2025.json
HBT,610,"Quan hệ quốc tế, chuyên ngành Thông tin đối ngoại",D14,35.75,Điểm thi THPT,,2025,https://github.com/kbaoooo/vn_schools_scores_data/blob/main/craw-data/scores/HBT/2025.json
HBT,610,"Quan hệ quốc tế, chuyên ngành Thông tin đối ngoại",X78,36,Điểm thi THPT,,2025,https://github.com/kbaoooo/vn_schools_scores_data/blob/main/craw-data/scores/HBT/2025.json
HBT,610,"Quan hệ quốc tế, chuyên ngành Thông tin đối ngoại",X79,35.5,Điểm thi THPT,,2025,https://github.com/kbaoooo/vn_schools_scores_data/blob/main/craw-data/scores/HBT/2025.json
HBT,611,"Quan hệ quốc tế, chuyên ngành Quan hệ chính trị và Truyền thông quốc tế",D01,35,Điểm thi THPT,,2025,https://github.com/kbaoooo/vn_schools_scores_data/blob/main/craw-data/scores/HBT/2025.json
HBT,611,"Quan hệ quốc tế, chuyên ngành Quan hệ chính trị và Truyền thông quốc tế",D14,35.75,Điểm thi THPT,,2025,https://github.com/kbaoooo/vn_schools_scores_data/blob/main/craw-data/scores/HBT/2025.json
HBT,611,"Quan hệ quốc tế, chuyên ngành Quan hệ chính trị và Truyền thông quốc tế",X78,36,Điểm thi THPT,,2025,https://github.com/kbaoooo/vn_schools_scores_data/blob/main/craw-data/scores/HBT/2025.json
HBT,611,"Quan hệ quốc tế, chuyên ngành Quan hệ chính trị và Truyền thông quốc tế",X79,35.5,Điểm thi THPT,,2025,https://github.com/kbaoooo/vn_schools_scores_data/blob/main/craw-data/scores/HBT/2025.json
HBT,614,"Quan hệ quốc tế, chuyên ngành Quan hệ quốc tế và Truyền thông toàn cầu",D14,36.48,Điểm thi THPT,,2025,https://github.com/kbaoooo/vn_schools_scores_data/blob/main/craw-data/scores/HBT/2025.json
HBT,614,"Quan hệ quốc tế, chuyên ngành Quan hệ quốc tế và Truyền thông toàn cầu",X78,36.73,Điểm thi THPT,,2025,https://github.com/kbaoooo/vn_schools_scores_data/blob/main/craw-data/scores/HBT/2025.json
HBT,614,"Quan hệ quốc tế, chuyên ngành Quan hệ quốc tế và Truyền thông toàn cầu",X79,36.23,Điểm thi THPT,,2025,https://github.com/kbaoooo/vn_schools_scores_data/blob/main/craw-data/scores/HBT/2025.json
HBT,614,"Quan hệ quốc tế, chuyên ngành Quan hệ quốc tế và Truyền thông toàn cầu",D01,35.73,Điểm thi THPT,,2025,https://github.com/kbaoooo/vn_schools_scores_data/blob/main/craw-data/scores/HBT/2025.json
HBT,615,"Quan hệ công chúng, chuyên ngành Quan hệ công chúng chuyên nghiệp",D01,36.2,Điểm thi THPT,,2025,https://github.com/kbaoooo/vn_schools_scores_data/blob/main/craw-data/scores/HBT/2025.json
HBT,615,"Quan hệ công chúng, chuyên ngành Quan hệ công chúng chuyên nghiệp",D14,36.95,Điểm thi THPT,,2025,https://github.com/kbaoooo/vn_schools_scores_data/blob/main/craw-data/scores/HBT/2025.json
HBT,615,"Quan hệ công chúng, chuyên ngành Quan hệ công chúng chuyên nghiệp",X78,37.2,Điểm thi THPT,,2025,https://github.com/kbaoooo/vn_schools_scores_data/blob/main/craw-data/scores/HBT/2025.json
HBT,615,"Quan hệ công chúng, chuyên ngành Quan hệ công chúng chuyên nghiệp",X79,36.7,Điểm thi THPT,,2025,https://github.com/kbaoooo/vn_schools_scores_data/blob/main/craw-data/scores/HBT/2025.json
HBT,616,"Quan hệ công chúng, chuyên ngành Truyền thông marketing",D01,36.5,Điểm thi THPT,,2025,https://github.com/kbaoooo/vn_schools_scores_data/blob/main/craw-data/scores/HBT/2025.json
HBT,616,"Quan hệ công chúng, chuyên ngành Truyền thông marketing",D14,37.25,Điểm thi THPT,,2025,https://github.com/kbaoooo/vn_schools_scores_data/blob/main/craw-data/scores/HBT/2025.json
HBT,616,"Quan hệ công chúng, chuyên ngành Truyền thông marketing",X78,37.5,Điểm thi THPT,,2025,https://github.com/kbaoooo/vn_schools_scores_data/blob/main/craw-data/scores/HBT/2025.json
HBT,616,"Quan hệ công chúng, chuyên ngành Truyền thông marketing",X79,37,Điểm thi THPT,,2025,https://github.com/kbaoooo/vn_schools_scores_data/blob/main/craw-data/scores/HBT/2025.json
HBT,7220201,Ngôn ngữ Anh,D01,35.25,Điểm thi THPT,,2025,https://github.com/kbaoooo/vn_schools_scores_data/blob/main/craw-data/scores/HBT/2025.json
HBT,7220201,Ngôn ngữ Anh,D14,36,Điểm thi THPT,,2025,https://github.com/kbaoooo/vn_schools_scores_data/blob/main/craw-data/scores/HBT/2025.json
HBT,7220201,Ngôn ngữ Anh,X78,36.25,Điểm thi THPT,,2025,https://github.com/kbaoooo/vn_schools_scores_data/blob/main/craw-data/scores/HBT/2025.json
HBT,7220201,Ngôn ngữ Anh,X79,35.75,Điểm thi THPT,,2025,https://github.com/kbaoooo/vn_schools_scores_data/blob/main/craw-data/scores/HBT/2025.json
HBT,7229001,Triết học,D01; X02,23.11,Điểm thi THPT,,2025,https://github.com/kbaoooo/vn_schools_scores_data/blob/main/craw-data/scores/HBT/2025.json
HBT,7229001,Triết học,C03; X01,23.61,Điểm thi THPT,,2025,https://github.com/kbaoooo/vn_schools_scores_data/blob/main/craw-data/scores/HBT/2025.json
HBT,7229008,Chủ nghĩa xã hội khoa học,D01; X02,22.96,Điểm thi THPT,,2025,https://github.com/kbaoooo/vn_schools_scores_data/blob/main/craw-data/scores/HBT/2025.json
HBT,7229008,Chủ nghĩa xã hội khoa học,C03; X01,23.46,Điểm thi THPT,,2025,https://github.com/kbaoooo/vn_schools_scores_data/blob/main/craw-data/scores/HBT/2025.json
HBT,7229010,Lịch sử,C03; D14,34.76,Điểm thi THPT,,2025,https://github.com/kbaoooo/vn_schools_scores_data/blob/main/craw-data/scores/HBT/2025.json
HBT,7229010,Lịch sử,X70,35.76,Điểm thi THPT,,2025,https://github.com/kbaoooo/vn_schools_scores_data/blob/main/craw-data/scores/HBT/2025.json
HBT,7229010,Lịch sử,X71,35.26,Điểm thi THPT,,2025,https://github.com/kbaoooo/vn_schools_scores_data/blob/main/craw-data/scores/HBT/2025.json
HBT,7310102,Kinh tế chính trị,D01; X02,24.32,Điểm thi THPT,,2025,https://github.com/kbaoooo/vn_schools_scores_data/blob/main/craw-data/scores/HBT/2025.json
HBT,7310102,Kinh tế chính trị,C03; X01,24.82,Điểm thi THPT,,2025,https://github.com/kbaoooo/vn_schools_scores_data/blob/main/craw-data/scores/HBT/2025.json
HBT,7310202,Xây dựng Đảng và chính quyền nhà nước,D01; X02,23.18,Điểm thi THPT,,2025,https://github.com/kbaoooo/vn_schools_scores_data/blob/main/craw-data/scores/HBT/2025.json
HBT,7310202,Xây dựng Đảng và chính quyền nhà nước,C03; X01,23.68,Điểm thi THPT,,2025,https://github.com/kbaoooo/vn_schools_scores_data/blob/main/craw-data/scores/HBT/2025.json
HBT,7310205,Quản lý nhà nước,D01; X02,23.75,Điểm thi THPT,,2025,https://github.com/kbaoooo/vn_schools_scores_data/blob/main/craw-data/scores/HBT/2025.json
HBT,7310205,Quản lý nhà nước,C03; X01,24.25,Điểm thi THPT,,2025,https://github.com/kbaoooo/vn_schools_scores_data/blob/main/craw-data/scores/HBT/2025.json
HBT,7310301,Xã hội học,D01; X02,24.44,Điểm thi THPT,,2025,https://github.com/kbaoooo/vn_schools_scores_data/blob/main/craw-data/scores/HBT/2025.json
HBT,7310301,Xã hội học,C03; X01,24.94,Điểm thi THPT,,2025,https://github.com/kbaoooo/vn_schools_scores_data/blob/main/craw-data/scores/HBT/2025.json
HBT,7320104,Truyền thông đa phương tiện,D01,36.5,Điểm thi THPT,,2025,https://github.com/kbaoooo/vn_schools_scores_data/blob/main/craw-data/scores/HBT/2025.json
HBT,7320104,Truyền thông đa phương tiện,D14,37.25,Điểm thi THPT,,2025,https://github.com/kbaoooo/vn_schools_scores_data/blob/main/craw-data/scores/HBT/2025.json
HBT,7320104,Truyền thông đa phương tiện,X78,37.5,Điểm thi THPT,,2025,https://github.com/kbaoooo/vn_schools_scores_data/blob/main/craw-data/scores/HBT/2025.json
HBT,7320104,Truyền thông đa phương tiện,X79,37,Điểm thi THPT,,2025,https://github.com/kbaoooo/vn_schools_scores_data/blob/main/craw-data/scores/HBT/2025.json
HBT,7320105,Truyền thông đại chúng,D01,35.74,Điểm thi THPT,,2025,https://github.com/kbaoooo/vn_schools_scores_data/blob/main/craw-data/scores/HBT/2025.json
HBT,7320105,Truyền thông đại chúng,D14,36.49,Điểm thi THPT,,2025,https://github.com/kbaoooo/vn_schools_scores_data/blob/main/craw-data/scores/HBT/2025.json
HBT,7320105,Truyền thông đại chúng,X78,36.74,Điểm thi THPT,,2025,https://github.com/kbaoooo/vn_schools_scores_data/blob/main/craw-data/scores/HBT/2025.json
HBT,7320105,Truyền thông đại chúng,X79,36.24,Điểm thi THPT,,2025,https://github.com/kbaoooo/vn_schools_scores_data/blob/main/craw-data/scores/HBT/2025.json
HBT,7320107,Truyền thông quốc tế,D01,36,Điểm thi THPT,,2025,https://github.com/kbaoooo/vn_schools_scores_data/blob/main/craw-data/scores/HBT/2025.json
HBT,7320107,Truyền thông quốc tế,D14,36.75,Điểm thi THPT,,2025,https://github.com/kbaoooo/vn_schools_scores_data/blob/main/craw-data/scores/HBT/2025.json
HBT,7320107,Truyền thông quốc tế,X78,37,Điểm thi THPT,,2025,https://github.com/kbaoooo/vn_schools_scores_data/blob/main/craw-data/scores/HBT/2025.json
HBT,7320107,Truyền thông quốc tế,X79,36.5,Điểm thi THPT,,2025,https://github.com/kbaoooo/vn_schools_scores_data/blob/main/craw-data/scores/HBT/2025.json
HBT,7320110,Quảng cáo,D01,35.5,Điểm thi THPT,,2025,https://github.com/kbaoooo/vn_schools_scores_data/blob/main/craw-data/scores/HBT/2025.json
HBT,7320110,Quảng cáo,D14,36.25,Điểm thi THPT,,2025,https://github.com/kbaoooo/vn_schools_scores_data/blob/main/craw-data/scores/HBT/2025.json
HBT,7320110,Quảng cáo,X78,36.5,Điểm thi THPT,,2025,https://github.com/kbaoooo/vn_schools_scores_data/blob/main/craw-data/scores/HBT/2025.json
HBT,7320110,Quảng cáo,X79,36,Điểm thi THPT,,2025,https://github.com/kbaoooo/vn_schools_scores_data/blob/main/craw-data/scores/HBT/2025.json
HBT,7340403,Quản lý công,D01; X02,23.5,Điểm thi THPT,,2025,https://github.com/kbaoooo/vn_schools_scores_data/blob/main/craw-data/scores/HBT/2025.json
HBT,7340403,Quản lý công,C03; X01,24,Điểm thi THPT,,2025,https://github.com/kbaoooo/vn_schools_scores_data/blob/main/craw-data/scores/HBT/2025.json
HBT,7760101,Công tác xã hội,D01; X02,24.2,Điểm thi THPT,,2025,https://github.com/kbaoooo/vn_schools_scores_data/blob/main/craw-data/scores/HBT/2025.json
HBT,7760101,Công tác xã hội,C03; X01,24.7,Điểm thi THPT,,2025,https://github.com/kbaoooo/vn_schools_scores_data/blob/main/craw-data/scores/HBT/2025.json
HBT,801,"Xuất bản, chuyên ngành Biên tập xuất bản",X78,34.83,Điểm thi THPT,,2025,https://github.com/kbaoooo/vn_schools_scores_data/blob/main/craw-data/scores/HBT/2025.json
HBT,801,"Xuất bản, chuyên ngành Biên tập xuất bản",X79,34.33,Điểm thi THPT,,2025,https://github.com/kbaoooo/vn_schools_scores_data/blob/main/craw-data/scores/HBT/2025.json
HBT,801,"Xuất bản, chuyên ngành Biên tập xuất bản",D01,33.83,Điểm thi THPT,,2025,https://github.com/kbaoooo/vn_schools_scores_data/blob/main/craw-data/scores/HBT/2025.json
HBT,801,"Xuất bản, chuyên ngành Biên tập xuất bản",D14,34.58,Điểm thi THPT,,2025,https://github.com/kbaoooo/vn_schools_scores_data/blob/main/craw-data/scores/HBT/2025.json
HBT,802,"Xuất bản, chuyên ngành Xuất bản điện tử",D01,33.69,Điểm thi THPT,,2025,https://github.com/kbaoooo/vn_schools_scores_data/blob/main/craw-data/scores/HBT/2025.json
HBT,802,"Xuất bản, chuyên ngành Xuất bản điện tử",D14,34.44,Điểm thi THPT,,2025,https://github.com/kbaoooo/vn_schools_scores_data/blob/main/craw-data/scores/HBT/2025.json
HBT,802,"Xuất bản, chuyên ngành Xuất bản điện tử",X78,34.69,Điểm thi THPT,,2025,https://github.com/kbaoooo/vn_schools_scores_data/blob/main/craw-data/scores/HBT/2025.json
HBT,802,"Xuất bản, chuyên ngành Xuất bản điện tử",X79,34.19,Điểm thi THPT,,2025,https://github.com/kbaoooo/vn_schools_scores_data/blob/main/craw-data/scores/HBT/2025.json
HCA,7310202_Nam_B,"Xây dựng Đảng và chính quyền nhà nước (Thí sinh Nam, miền Bắc)",A01; C00; C03; D01; X02; X03; X04,22.51,Điểm thi THPT,Điểm thi THPT và ĐGNL BCA,2025,https://github.com/kbaoooo/vn_schools_scores_data/blob/main/craw-data/scores/HCA/2025.json
HCA,7310202_Nam_N,"Xây dựng Đảng và chính quyền nhà nước (Thí sinh Nam, miền Nam)",A01; C00; C03; D01; X02; X03; X04,21.74,Điểm thi THPT,Điểm thi THPT và ĐGNL BCA,2025,https://github.com/kbaoooo/vn_schools_scores_data/blob/main/craw-data/scores/HCA/2025.json
HCA,7310202_Nu_B,"Xây dựng Đảng và chính quyền nhà nước (Thí sinh Nữ, miền Bắc)",A01; C00; C03; D01; X02; X03; X04,25.21,Điểm thi THPT,Điểm thi THPT và ĐGNL BCA,2025,https://github.com/kbaoooo/vn_schools_scores_data/blob/main/craw-data/scores/HCA/2025.json
HCA,7310202_Nu_N,"Xây dựng Đảng và chính quyền nhà nước (Thí sinh Nữ, miền Nam)",A01; C00; C03; D01; X02; X03; X04,23.57,Điểm thi THPT,Điểm thi THPT và ĐGNL BCA,2025,https://github.com/kbaoooo/vn_schools_scores_data/blob/main/craw-data/scores/HCA/2025.json
HCB,7480200_Nam_B,"Nhóm ngành Kỹ thuật - Hậu cần (Thí sinh Nam, miền Bắc)",A00; A01; D01; X26; X27; X28,21.7,Điểm thi THPT,Kết hợp điểm thi THPT và điểm ĐGNL BCA,2025,https://github.com/kbaoooo/vn_schools_scores_data/blob/main/craw-data/scores/HCB/2025.json
HCB,7480200_Nam_N,"Nhóm ngành Kỹ thuật - Hậu cần (Thí sinh Nam, miền Nam)",A00; A01; D01; X26; X27; X28,20.53,Điểm thi THPT,Kết hợp điểm thi THPT và điểm ĐGNL BCA,2025,https://github.com/kbaoooo/vn_schools_scores_data/blob/main/craw-data/scores/HCB/2025.json
HCB,7480200_Nu_B,"Nhóm ngành Kỹ thuật - Hậu cần (Thí sinh Nữ, miền Bắc)",A00; A01; D01; X26; X27; X28,25.21,Điểm thi THPT,Kết hợp điểm thi THPT và điểm ĐGNL BCA,2025,https://github.com/kbaoooo/vn_schools_scores_data/blob/main/craw-data/scores/HCB/2025.json
HCB,7480200_Nu_N,"Nhóm ngành Kỹ thuật - Hậu cần (Thí sinh Nữ, miền Nam)",A00; A01; D01; X26; X27; X28,23.96,Điểm thi THPT,Kết hợp điểm thi THPT và điểm ĐGNL BCA,2025,https://github.com/kbaoooo/vn_schools_scores_data/blob/main/craw-data/scores/HCB/2025.json
HCB,7520207,Kỹ thuật Điện tử - Viễn thông,A00; A01; D01; X26; X27; X28,20.33,Điểm thi THPT,"Gửi học viện Kỹ thuật Mật mã, Kết hợp điểm thi THPT và điểm ĐGNL BCA",2025,https://github.com/kbaoooo/vn_schools_scores_data/blob/main/craw-data/scores/HCB/2025.json
HCB,7720100,Y Khoa,A00; A01; B00; B08; D07,19.05,Điểm thi THPT,"Gửi trường ĐH Y Dược, ĐHQGHN, Kết hợp điểm thi THPT và điểm ĐGNL BCA",2025,https://github.com/kbaoooo/vn_schools_scores_data/blob/main/craw-data/scores/HCB/2025.json
HCB,7720101_NAM,Y Khoa,A00; A01; B00; B08; D07,20.01,Điểm thi THPT,"Gửi Học viện Quân y, Bộ Quốc phòng, Kết hợp điểm thi THPT và điểm ĐGNL BCA",2025,https://github.com/kbaoooo/vn_schools_scores_data/blob/main/craw-data/scores/HCB/2025.json
HCB,7720101_NU,Y Khoa,A00; A01; B00; B08; D07,23.49,Điểm thi THPT,"Gửi Học viện Quân y, Bộ Quốc phòng, Kết hợp điểm thi THPT và điểm ĐGNL BCA",2025,https://github.com/kbaoooo/vn_schools_scores_data/blob/main/craw-data/scores/HCB/2025.json
HCH,7220201-Hà Nội,Ngôn ngữ Anh,D01; D10; D14; D15,24,Điểm thi THPT,Môn chính tiếng Anh,2025,https://github.com/kbaoooo/vn_schools_scores_data/blob/main/craw-data/scores/HCH/2025.json
HCH,7229040-01-Hà Nội,Chuyên ngành Văn hóa Du lịch thuộc ngành Văn hóa học,D01; D14; D15,23.9,Điểm thi THPT,,2025,https://github.com/kbaoooo/vn_schools_scores_data/blob/main/craw-data/scores/HCH/2025.json
HCH,7229040-01-Hà Nội,Chuyên ngành Văn hóa Du lịch thuộc ngành Văn hóa học,C00; X74,25.9,Điểm thi THPT,,2025,https://github.com/kbaoooo/vn_schools_scores_data/blob/main/craw-data/scores/HCH/2025.json
HCH,7229040-02-Hà Nội,Chuyên ngành Văn hóa Truyền thông thuộc ngành Văn hóa học,D01; D14; D15,23.9,Điểm thi THPT,,2025,https://github.com/kbaoooo/vn_schools_scores_data/blob/main/craw-data/scores/HCH/2025.json
HCH,7229040-02-Hà Nội,Chuyên ngành Văn hóa Truyền thông thuộc ngành Văn hóa học,C00; X74,25.9,Điểm thi THPT,,2025,https://github.com/kbaoooo/vn_schools_scores_data/blob/main/craw-data/scores/HCH/2025.json
HCH,7229042-01-Hà Nội,Chuyên ngành Quản lý di sản văn hóa và phát triển du lịch thuộc ngành Quản lý văn hóa,D01; D14; D15,23.55,Điểm thi THPT,,2025,https://github.com/kbaoooo/vn_schools_scores_data/blob/main/craw-data/scores/HCH/2025.json
HCH,7229042-01-Hà Nội,Chuyên ngành Quản lý di sản văn hóa và phát triển du lịch thuộc ngành Quản lý văn hóa,C00; X74,25.55,Điểm thi THPT,,2025,https://github.com/kbaoooo/vn_schools_scores_data/blob/main/craw-data/scores/HCH/2025.json
HCH,7229042-Hà Nội,Quản lý văn hóa,D01; D14; D15,23.55,Điểm thi THPT,,2025,https://github.com/kbaoooo/vn_schools_scores_data/blob/main/craw-data/scores/HCH/2025.json
HCH,7229042-Hà Nội,Quản lý văn hóa,C00; X74,25.55,Điểm thi THPT,,2025,https://github.com/kbaoooo/vn_schools_scores_data/blob/main/craw-data/scores/HCH/2025.json
HCH,7310101-01-Hà Nội,Chuyên ngành Kinh tế du lịch thuộc ngành Kinh tể,A00; A01; A07; C01; D01,23.5,Điểm thi THPT,,2025,https://github.com/kbaoooo/vn_schools_scores_data/blob/main/craw-data/scores/HCH/2025.json
HCH,7310101-Hà Nội,Kinh tế,A00; A01; A07; C01; D01,23.5,Điểm thi THPT,,2025,https://github.com/kbaoooo/vn_schools_scores_data/blob/main/craw-data/scores/HCH/2025.json
HCH,7310101-Quảng Nam,Kinh tế,A00; A01; A07; C01; D01,16,Điểm thi THPT,,2025,https://github.com/kbaoooo/vn_schools_scores_data/blob/main/craw-data/scores/HCH/2025.json
HCH,7310201-01-Hà Nội,Chuyên ngành Chính sách công thuộc ngành Chính trị học,C04; D01,23.35,Điểm thi THPT,,2025,https://github.com/kbaoooo/vn_schools_scores_data/blob/main/craw-data/scores/HCH/2025.json
HCH,7310201-01-Hà Nội,Chuyên ngành Chính sách công thuộc ngành Chính trị học,C00; X74; X01,25.35,Điểm thi THPT,,2025,https://github.com/kbaoooo/vn_schools_scores_data/blob/main/craw-data/scores/HCH/2025.json
HCH,7310201-Hà Nội,Chính trị học,C04; D01,23.35,Điểm thi THPT,,2025,https://github.com/kbaoooo/vn_schools_scores_data/blob/main/craw-data/scores/HCH/2025.json
HCH,7310201-Hà Nội,Chính trị học,C00; X74; X01,25.35,Điểm thi THPT,,2025,https://github.com/kbaoooo/vn_schools_scores_data/blob/main/craw-data/scores/HCH/2025.json
HCH,7310202-Hà Nội,Xây dựng Đảng và chính quyền nhà nước,D01; D14,23.85,Điểm thi THPT,,2025,https://github.com/kbaoooo/vn_schools_scores_data/blob/main/craw-data/scores/HCH/2025.json
HCH,7310202-Hà Nội,Xây dựng Đảng và chính quyền nhà nước,C00; X70; X01,25.85,Điểm thi THPT,,2025,https://github.com/kbaoooo/vn_schools_scores_data/blob/main/craw-data/scores/HCH/2025.json
HCH,7310205-Hà Nội,Quản lý nhà nước,A01; D01; D14; D15,23.75,Điểm thi THPT,,2025,https://github.com/kbaoooo/vn_schools_scores_data/blob/main/craw-data/scores/HCH/2025.json
HCH,7310205-Hà Nội,Quản lý nhà nước,C00,25.75,Điểm thi THPT,,2025,https://github.com/kbaoooo/vn_schools_scores_data/blob/main/craw-data/scores/HCH/2025.json
HCH,7310205-Quảng Nam,Quản lý nhà nước,C00; X01; D01; D15,16,Điểm thi THPT,,2025,https://github.com/kbaoooo/vn_schools_scores_data/blob/main/craw-data/scores/HCH/2025.json
HCH,7310205-Quảng Nam,Quản lý nhà nước,X74,17,Điểm thi THPT,,2025,https://github.com/kbaoooo/vn_schools_scores_data/blob/main/craw-data/scores/HCH/2025.json
HCH,7320201-01-Hà Nội,Chuyên ngành Quản trị thông tin thuộc ngành Thông tin - thư viện,A01; D01,22.35,Điểm thi THPT,,2025,https://github.com/kbaoooo/vn_schools_scores_data/blob/main/craw-data/scores/HCH/2025.json
HCH,7320201-01-Hà Nội,Chuyên ngành Quản trị thông tin thuộc ngành Thông tin - thư viện,X70; C00; X74,24.35,Điểm thi THPT,,2025,https://github.com/kbaoooo/vn_schools_scores_data/blob/main/craw-data/scores/HCH/2025.json
HCH,7320201-Hà Nội,Thông tin - thư viện,A01; D01,22.35,Điểm thi THPT,,2025,https://github.com/kbaoooo/vn_schools_scores_data/blob/main/craw-data/scores/HCH/2025.json
HCH,7320201-Hà Nội,Thông tin - thư viện,X70; C00; X74,24.35,Điểm thi THPT,,2025,https://github.com/kbaoooo/vn_schools_scores_data/blob/main/craw-data/scores/HCH/2025.json
HCH,7320303-01-Hà Nội,Chuyên ngành Văn thư - Lưu trữ thuộc ngành Lưu trữ học,C03; D01,23,Điểm thi THPT,,2025,https://github.com/kbaoooo/vn_schools_scores_data/blob/main/craw-data/scores/HCH/2025.json
HCH,7320303-01-Hà Nội,Chuyên ngành Văn thư - Lưu trữ thuộc ngành Lưu trữ học,C00; X70; X74,25.9,Điểm thi THPT,,2025,https://github.com/kbaoooo/vn_schools_scores_data/blob/main/craw-data/scores/HCH/2025.json
HCH,7320303-Hà Nội,Lưu trữ học,C03; D01,23,Điểm thi THPT,,2025,https://github.com/kbaoooo/vn_schools_scores_data/blob/main/craw-data/scores/HCH/2025.json
HCH,7320303-Hà Nội,Lưu trữ học,C00; X70; X74,23,Điểm thi THPT,,2025,https://github.com/kbaoooo/vn_schools_scores_data/blob/main/craw-data/scores/HCH/2025.json
HCH,7340404-Hà Nội,Quản trị nhân lực,A00; A01; D01; D15,24.2,Điểm thi THPT,,2025,https://github.com/kbaoooo/vn_schools_scores_data/blob/main/craw-data/scores/HCH/2025.json
HCH,7340404-Hà Nội,Quản trị nhân lực,C00,26.2,Điểm thi THPT,,2025,https://github.com/kbaoooo/vn_schools_scores_data/blob/main/craw-data/scores/HCH/2025.json
HCH,7340404-Quảng Nam,Quản trị nhân lực,X74,19,Điểm thi THPT,,2025,https://github.com/kbaoooo/vn_schools_scores_data/blob/main/craw-data/scores/HCH/2025.json
HCH,7340404-Quảng Nam,Quản trị nhân lực,A00; C00; X01; D01,18,Điểm thi THPT,,2025,https://github.com/kbaoooo/vn_schools_scores_data/blob/main/craw-data/scores/HCH/2025.json
HCH,7340406-01-Hà Nội,Chuyên ngành Thư ký văn phòng doanh nghiệp thuộc ngành Quản trị văn phòng,A00; A01; D01; D14,24.05,Điểm thi THPT,,2025,https://github.com/kbaoooo/vn_schools_scores_data/blob/main/craw-data/scores/HCH/2025.json
HCH,7340406-01-Hà Nội,Chuyên ngành Thư ký văn phòng doanh nghiệp thuộc ngành Quản trị văn phòng,C00,26.05,Điểm thi THPT,,2025,https://github.com/kbaoooo/vn_schools_scores_data/blob/main/craw-data/scores/HCH/2025.json
HCH,7340406-Hà Nội,Quản trị văn phòng,A00; A01; D01; D14,24.05,Điểm thi THPT,,2025,https://github.com/kbaoooo/vn_schools_scores_data/blob/main/craw-data/scores/HCH/2025.json
HCH,7340406-Hà Nội,Quản trị văn phòng,C00,26.05,Điểm thi THPT,,2025,https://github.com/kbaoooo/vn_schools_scores_data/blob/main/craw-data/scores/HCH/2025.json
HCH,7340406-Quảng Nam,Quản trị văn phòng,A00; C00; X01; D01,16,Điểm thi THPT,,2025,https://github.com/kbaoooo/vn_schools_scores_data/blob/main/craw-data/scores/HCH/2025.json
HCH,7340406-Quảng Nam,Quản trị văn phòng,X74,17,Điểm thi THPT,,2025,https://github.com/kbaoooo/vn_schools_scores_data/blob/main/craw-data/scores/HCH/2025.json
HCH,7380101-01-Hà Nội,Chuyên ngành Thanh tra thuộc ngành Luật,A00; A01; X21; D01,24.2,Điểm thi THPT,,2025,https://github.com/kbaoooo/vn_schools_scores_data/blob/main/craw-data/scores/HCH/2025.json
HCH,7380101-01-Hà Nội,Chuyên ngành Thanh tra thuộc ngành Luật,C00,26,Điểm thi THPT,,2025,https://github.com/kbaoooo/vn_schools_scores_data/blob/main/craw-data/scores/HCH/2025.json
HCH,7380101-01-Quảng Nam,Chuyên ngành Thanh tra thuộc ngành Luật,X74,22,Điểm thi THPT,,2025,https://github.com/kbaoooo/vn_schools_scores_data/blob/main/craw-data/scores/HCH/2025.json
HCH,7380101-01-Quảng Nam,Chuyên ngành Thanh tra thuộc ngành Luật,A00; C00; X01; D01,21,Điểm thi THPT,,2025,https://github.com/kbaoooo/vn_schools_scores_data/blob/main/craw-data/scores/HCH/2025.json
HCH,7380101-Hà Nội,Luật,C00,26.7,Điểm thi THPT,,2025,https://github.com/kbaoooo/vn_schools_scores_data/blob/main/craw-data/scores/HCH/2025.json
HCH,7380101-Hà Nội,Luật,A00; A01; X21; D01,24.2,Điểm thi THPT,,2025,https://github.com/kbaoooo/vn_schools_scores_data/blob/main/craw-data/scores/HCH/2025.json
HCH,7380101-Quảng Nam,Luật,A00; X01; X74; D01,21,Điểm thi THPT,,2025,https://github.com/kbaoooo/vn_schools_scores_data/blob/main/craw-data/scores/HCH/2025.json
HCH,7380101-Quảng Nam,Luật,X74,22,Điểm thi THPT,,2025,https://github.com/kbaoooo/vn_schools_scores_data/blob/main/craw-data/scores/HCH/2025.json
HCH,7480104-01-Hà Nội,Chuyên ngành Hệ thống thông tin thương mại điện tử thuộc ngành Hệ thống thông tin,A00; A01; D01; X06; X26,19.75,Điểm thi THPT,,2025,https://github.com/kbaoooo/vn_schools_scores_data/blob/main/craw-data/scores/HCH/2025.json
HCH,7480104-Hà Nội,Hệ thống thông tin,A00; A01; D01; X06; X26,19.75,Điểm thi THPT,,2025,https://github.com/kbaoooo/vn_schools_scores_data/blob/main/craw-data/scores/HCH/2025.json
HCH,7810103-Hà Nội,Quản trị dịch vụ du lịch và lữ hành,D01; D14; D15,24.4,Điểm thi THPT,,2025,https://github.com/kbaoooo/vn_schools_scores_data/blob/main/craw-data/scores/HCH/2025.json
HCH,7810103-Quảng Nam,Quản trị dịch vụ du lịch và lữ hành,C00; D01; D14; D15,16,Điểm thi THPT,,2025,https://github.com/kbaoooo/vn_schools_scores_data/blob/main/craw-data/scores/HCH/2025.json
HCH,7810103-Quảng Nam,Quản trị dịch vụ du lịch và lữ hành,X74,17,Điểm thi THPT,,2025,https://github.com/kbaoooo/vn_schools_scores_data/blob/main/craw-data/scores/HCH/2025.json