ma_truong,ten_truong_nguon,nam,nam_hoc,hoc_phi_min,hoc_phi_max,don_vi,ghi_chu,source_url
QHI,Trường Đại học Công nghệ - Đại học Quốc gia Hà Nội,2025,2025-2026,34000000,40000000,VND/năm,34 - 40 triệu,https://baolamdong.vn/tong-hop-hoc-phi-cac-truong-dai-hoc-2025-387872.html
QHS,Trường Đại học Giáo dục - Đại học Quốc gia Hà Nội,2025,2025-2026,14100000,14100000,VND/năm,"14,1 triệu",https://baolamdong.vn/tong-hop-hoc-phi-cac-truong-dai-hoc-2025-387872.html
QHT,Trường Đại học Khoa học Tự nhiên - Đại học Quốc gia Hà Nội,2025,2025-2026,16900000,38000000,VND/năm,"16,9 - 38 triệu",https://baolamdong.vn/tong-hop-hoc-phi-cac-truong-dai-hoc-2025-387872.html
QHX,Trường Đại học Khoa học Xã hội và Nhân văn - Đại học Quốc gia Hà Nội,2025,2025-2026,16900000,33000000,VND/năm,"16,9 - 33 triệu",https://baolamdong.vn/tong-hop-hoc-phi-cac-truong-dai-hoc-2025-387872.html
QHE,Trường Đại học Kinh tế - Đại học Quốc gia Hà Nội,2025,2025-2026,31500000,46000000,VND/năm,"31,5 - 46 triệu",https://baolamdong.vn/tong-hop-hoc-phi-cac-truong-dai-hoc-2025-387872.html
QHL,Trường Đại học Luật - Đại học Quốc gia Hà Nội,2025,2025-2026,27000000,31800000,VND/năm,"27 - 31,8 triệu",https://baolamdong.vn/tong-hop-hoc-phi-cac-truong-dai-hoc-2025-387872.html
QHF,Trường Đại học Ngoại ngữ - Đại học Quốc gia Hà Nội,2025,2025-2026,16900000,65000000,VND/năm,"16,9 - 65 triệu",https://baolamdong.vn/tong-hop-hoc-phi-cac-truong-dai-hoc-2025-387872.html
VJU,Trường Đại học Việt Nhật - Đại học Quốc gia Hà Nội,2025,2025-2026,25000000,58000000,VND/năm,25 - 58 triệu,https://baolamdong.vn/tong-hop-hoc-phi-cac-truong-dai-hoc-2025-387872.html
QHY,Trường Đại học Y Dược - Đại học Quốc gia Hà Nội,2025,2025-2026,62000000,62000000,VND/năm,62 triệu,https://baolamdong.vn/tong-hop-hoc-phi-cac-truong-dai-hoc-2025-387872.html
QHK,Trường Khoa học liên ngành và Nghệ thuật - Đại học Quốc gia Hà Nội,2025,2025-2026,30400000,33800000,VND/năm,"30,4 - 33,8 triệu",https://baolamdong.vn/tong-hop-hoc-phi-cac-truong-dai-hoc-2025-387872.html
QHD,Trường Quản trị Kinh doanh - Đại học Quốc gia Hà Nội,2025,2025-2026,40000000,130000000,VND/năm,40 - 130 triệu,https://baolamdong.vn/tong-hop-hoc-phi-cac-truong-dai-hoc-2025-387872.html
QHQ,Trường Quốc tế - Đại học Quốc gia Hà Nội,2025,2025-2026,39750000,50600000,VND/năm,"39,75 - 50,6 triệu",https://baolamdong.vn/tong-hop-hoc-phi-cac-truong-dai-hoc-2025-387872.html
QSA,Trường Đại học An Giang - Đại học Quốc gia TP HCM,2025,2025-2026,23850000,27750000,VND/năm,"23,85 - 27,75 triệu",https://baolamdong.vn/tong-hop-hoc-phi-cac-truong-dai-hoc-2025-387872.html
QSB,Trường Đại học Bách khoa - Đại học Quốc gia TP HCM,2025,2025-2026,30000000,84000000,VND/năm,"30 triệu (chương trình chuẩn, tài năng, Việt - Pháp); 84 triệu (đào tạo bằng tiếng Anh, tiên tiến); 60 triệu (định hướng Nhật Bản)",https://baolamdong.vn/tong-hop-hoc-phi-cac-truong-dai-hoc-2025-387872.html
QSC,Trường Đại học Công nghệ thông tin - Đại học Quốc gia TP HCM,2025,2025-2026,37000000,55000000,VND/năm,37 triệu (chương trình chuẩn); 55 triệu (chương trình tiên tiến),https://baolamdong.vn/tong-hop-hoc-phi-cac-truong-dai-hoc-2025-387872.html
QST,Trường Đại học Khoa học Tự nhiên - Đại học Quốc gia TP HCM,2025,2025-2026,28400000,55400000,VND/năm,"28,4 - 55,4 triệu",https://baolamdong.vn/tong-hop-hoc-phi-cac-truong-dai-hoc-2025-387872.html
QSX,Trường Đại học Khoa học Xã hội và Nhân văn - Đại học Quốc gia TP HCM,2025,2025-2026,16600000,29800000,VND/năm,"16,6 - 29,8 triệu",https://baolamdong.vn/tong-hop-hoc-phi-cac-truong-dai-hoc-2025-387872.html
QSK,Trường Đại học Kinh tế - Luật - Đại học Quốc gia TP HCM,2025,2025-2026,31500000,65000000,VND/năm,"31,5 triệu (chương trình chuẩn); 65 triệu (chương trình bằng Tiếng Anh)",https://baolamdong.vn/tong-hop-hoc-phi-cac-truong-dai-hoc-2025-387872.html
QSQ,Trường Đại học Quốc tế - Đại học Quốc gia TP HCM,2025,2025-2026,50000000,60000000,VND/năm,50 - 60 triệu,https://baolamdong.vn/tong-hop-hoc-phi-cac-truong-dai-hoc-2025-387872.html
BKA,Đại học Bách khoa Hà Nội,2025,2025-2026,28000000,90000000,VND/năm,28 - 35 triệu (chương trình chuẩn); 35 - 45 triệu (giảng dạy bằng tiếng Anh/tiên tiến); 39 - 45 triệu (tăng cường ngoại ngữ); 39 - 42 triệu (PFIEV); 78 - 90 triệu (liên kết),https://baolamdong.vn/tong-hop-hoc-phi-cac-truong-dai-hoc-2025-387872.html
TCT,Đại học Cần Thơ,2025,2025-2026,22000000,40000000,VND/năm,"22 - 25,9 triệu (chương trình chuẩn); 37 - 40 triệu (tiên tiến/chất lượng cao)",https://baolamdong.vn/tong-hop-hoc-phi-cac-truong-dai-hoc-2025-387872.html
LDA,Trường Đại học Công đoàn Hà Nội,2025,2025-2026,20850000,30000000,VND/năm,"20,85 triệu (chương trình chuẩn); 30 triệu (định hướng chuyên sâu nghề nghiệp quốc tế)",https://baolamdong.vn/tong-hop-hoc-phi-cac-truong-dai-hoc-2025-387872.html
MIT,Trường Đại học Công nghệ Miền Đông,2025,2025-2026,25000000,25000000,VND/năm,25 triệu,https://baolamdong.vn/tong-hop-hoc-phi-cac-truong-dai-hoc-2025-387872.html
DDN,Trường Đại học Đại Nam,2025,2025-2026,22000000,96000000,VND/năm,22 - 96 triệu,https://baolamdong.vn/tong-hop-hoc-phi-cac-truong-dai-hoc-2025-387872.html
YDD,Trường Đại học Điều dưỡng Nam Định,2025,2025-2026,18090000,19300000,VND/năm,"18,09 - 19,3 triệu",https://baolamdong.vn/tong-hop-hoc-phi-cac-truong-dai-hoc-2025-387872.html
DDU,Trường Đại học Đông Đô,2025,2025-2026,18500000,36750000,VND/năm,"18,5 - 36,75 triệu",https://baolamdong.vn/tong-hop-hoc-phi-cac-truong-dai-hoc-2025-387872.html
DKH,Trường Đại học Dược Hà Nội,2025,2025-2026,17100000,27600000,VND/năm,"17,1 - 27,6 triệu",https://baolamdong.vn/tong-hop-hoc-phi-cac-truong-dai-hoc-2025-387872.html
NHF,Trường Đại học Hà Nội,2025,2025-2026,29250000,49500000,VND/năm,"29,25 - 49,5 triệu",https://baolamdong.vn/tong-hop-hoc-phi-cac-truong-dai-hoc-2025-387872.html
ETU,Trường Đại học Hòa Bình,2025,2025-2026,29500000,61000000,VND/năm,"29,5 - 61 triệu",https://baolamdong.vn/tong-hop-hoc-phi-cac-truong-dai-hoc-2025-387872.html
DHT,Trường Đại học Khoa học - Đại học Huế,2025,2025-2026,15100000,17400000,VND/năm,"15,1 - 17,4 triệu",https://baolamdong.vn/tong-hop-hoc-phi-cac-truong-dai-hoc-2025-387872.html
KCN,Trường Đại học Khoa học và Công nghệ Hà Nội,2025,2025-2026,56000000,125000000,VND/năm,56 - 125 triệu,https://baolamdong.vn/tong-hop-hoc-phi-cac-truong-dai-hoc-2025-387872.html
DQK,Trường Đại học Kinh doanh và Công nghệ Hà Nội,2025,2025-2026,12780000,83200000,VND/năm,"12,78 - 83,2 triệu",https://baolamdong.vn/tong-hop-hoc-phi-cac-truong-dai-hoc-2025-387872.html
DHK,Trường Đại học Kinh tế - Đại học Huế,2025,2025-2026,18800000,34000000,VND/năm,"18,8 - 24,5 triệu (chương trình chuẩn); 34 triệu (đào tạo bằng tiếng Anh)",https://baolamdong.vn/tong-hop-hoc-phi-cac-truong-dai-hoc-2025-387872.html
KHA,Đại học Kinh tế Quốc dân,2025,2025-2026,18000000,25000000,VND/năm,18 - 25 triệu,https://baolamdong.vn/tong-hop-hoc-phi-cac-truong-dai-hoc-2025-387872.html
KSA,Đại học Kinh tế TP HCM,2025,2025-2026,33800000,39900000,VND/năm,"33,8 - 39,9 triệu",https://baolamdong.vn/tong-hop-hoc-phi-cac-truong-dai-hoc-2025-387872.html
DKY,Trường Đại học Kỹ thuật Y tế Hải Dương,2025,2025-2026,26600000,43540000,VND/năm,"26,6 - 43,54 triệu",https://baolamdong.vn/tong-hop-hoc-phi-cac-truong-dai-hoc-2025-387872.html
LNH,Trường Đại học Lâm nghiệp,2025,2025-2026,15000000,19000000,VND/năm,15 - 19 triệu,https://baolamdong.vn/tong-hop-hoc-phi-cac-truong-dai-hoc-2025-387872.html
DHA,Trường Đại học Luật - Đại học Huế,2025,2025-2026,16000000,16000000,VND/năm,16 triệu,https://baolamdong.vn/tong-hop-hoc-phi-cac-truong-dai-hoc-2025-387872.html
LPH,Trường Đại học Luật Hà Nội,2025,2025-2026,29250000,58510000,VND/năm,"29,25 - 58,51 triệu",https://baolamdong.vn/tong-hop-hoc-phi-cac-truong-dai-hoc-2025-387872.html
LPS,Trường Đại học Luật TP HCM,2025,2025-2026,39750000,47170000,VND/năm,"39,75 - 47,17 triệu",https://baolamdong.vn/tong-hop-hoc-phi-cac-truong-dai-hoc-2025-387872.html
MHN,Trường Đại học Mở Hà Nội,2025,2025-2026,21500000,22900000,VND/năm,"21,5 - 22,9 triệu",https://baolamdong.vn/tong-hop-hoc-phi-cac-truong-dai-hoc-2025-387872.html
MBS,Trường Đại học Mở TP HCM,2025,2025-2026,24000000,49500000,VND/năm,"24 - 28,5 triệu (chương trình chuẩn); 46,5 - 49,5 triệu (chất lượng cao)",https://baolamdong.vn/tong-hop-hoc-phi-cac-truong-dai-hoc-2025-387872.html
NHS,Trường Đại học Ngân hàng TP HCM,2025,2025-2026,23210000,39750000,VND/năm,"23,21 triệu (chương trình chuẩn); 39,75 triệu (chất lượng cao)",https://baolamdong.vn/tong-hop-hoc-phi-cac-truong-dai-hoc-2025-387872.html
DHF,Trường Đại học Ngoại ngữ - Đại học Huế,2025,2025-2026,15900000,21800000,VND/năm,"15,9 - 21,8 triệu",https://baolamdong.vn/tong-hop-hoc-phi-cac-truong-dai-hoc-2025-387872.html
NTH,Trường Đại học Ngoại thương,2025,2025-2026,25500000,75000000,VND/năm,"25,5 - 27,5 triệu (chương trình chuẩn); 31,5 - 65 triệu (định hướng nghề nghiệp); 49 - 51 triệu (chất lượng cao); 73 - 75 triệu (tiên tiến)",https://baolamdong.vn/tong-hop-hoc-phi-cac-truong-dai-hoc-2025-387872.html
NTT,Trường Đại học Nguyễn Tất Thành,2025,2025-2026,25000000,39600000,VND/năm,"25 - 39 triệu (chương trình chuẩn); 37,2 triệu (cử nhân quốc tế); 39,6 triệu (chuẩn quốc tế NIIE)",https://baolamdong.vn/tong-hop-hoc-phi-cac-truong-dai-hoc-2025-387872.html
PKA,Đại học Phenikaa,2025,2025-2026,26500000,128000000,VND/năm,"26,5 - 128 triệu",https://baolamdong.vn/tong-hop-hoc-phi-cac-truong-dai-hoc-2025-387872.html
DPD,Trường Đại học Phương Đông,2025,2025-2026,23000000,26000000,VND/năm,23 - 26 triệu,https://baolamdong.vn/tong-hop-hoc-phi-cac-truong-dai-hoc-2025-387872.html
DBH,Trường Đại học Quốc tế Bắc Hà,2025,2025-2026,18000000,20000000,VND/năm,18 - 20 triệu,https://baolamdong.vn/tong-hop-hoc-phi-cac-truong-dai-hoc-2025-387872.html
HIU,Trường Đại học Quốc tế Hồng Bàng,2025,2025-2026,44000000,144000000,VND/năm,44 - 144 triệu,https://baolamdong.vn/tong-hop-hoc-phi-cac-truong-dai-hoc-2025-387872.html
DQN,Trường Đại học Quy Nhơn,2025,2025-2026,18750000,22670000,VND/năm,"18,75 - 22 triệu (hệ cử nhân); 22,67 triệu (hệ kĩ sư)",https://baolamdong.vn/tong-hop-hoc-phi-cac-truong-dai-hoc-2025-387872.html
SGD,Trường Đại học Sài Gòn,2025,2025-2026,18480000,37600000,VND/năm,"18,48 - 37,6 triệu",https://baolamdong.vn/tong-hop-hoc-phi-cac-truong-dai-hoc-2025-387872.html
SP2,Trường Đại học Sư phạm 2,2025,2025-2026,15900000,18500000,VND/năm,"15,9 - 18,5 triệu",https://baolamdong.vn/tong-hop-hoc-phi-cac-truong-dai-hoc-2025-387872.html
DHS,Trường Đại học Sư phạm - Đại học Huế,2025,2025-2026,15900000,18500000,VND/năm,"15,9 - 18,5 triệu",https://baolamdong.vn/tong-hop-hoc-phi-cac-truong-dai-hoc-2025-387872.html
DMS,Trường Đại học Tài chính - Marketing,2025,2025-2026,30000000,64000000,VND/năm,30 - 64 triệu,https://baolamdong.vn/tong-hop-hoc-phi-cac-truong-dai-hoc-2025-387872.html
TQU,Trường Đại học Tân Trào,2025,2025-2026,9800000,14300000,VND/năm,"9,8 - 14,3 triệu",https://baolamdong.vn/tong-hop-hoc-phi-cac-truong-dai-hoc-2025-387872.html
DTL,Trường Đại học Thăng Long,2025,2025-2026,33600000,46900000,VND/năm,"33,6 - 46,9 triệu",https://baolamdong.vn/tong-hop-hoc-phi-cac-truong-dai-hoc-2025-387872.html
TDD,Trường Đại học Thành Đô,2025,2025-2026,25340000,37500000,VND/năm,"25,34 - 36,89 triệu (chương trình chuẩn); 37,5 triệu (CNTT CodeGym)",https://baolamdong.vn/tong-hop-hoc-phi-cac-truong-dai-hoc-2025-387872.html
HNM,Trường Đại học Thủ đô Hà Nội,2025,2025-2026,15900000,18500000,VND/năm,"15,9 - 18,5 triệu",https://baolamdong.vn/tong-hop-hoc-phi-cac-truong-dai-hoc-2025-387872.html
TMU,Trường Đại học Thương mại,2025,2025-2026,24000000,38500000,VND/năm,"24 - 27,9 triệu (chương trình chuẩn); 38,5 triệu (định hướng nghề nghiệp)",https://baolamdong.vn/tong-hop-hoc-phi-cac-truong-dai-hoc-2025-387872.html
DTT,Trường Đại học Tôn Đức Thắng,2025,2025-2026,29770000,84000000,VND/năm,"29,77 - 66,79 triệu (chuẩn); 53 - 64 triệu (tiên tiến); 78 - 84 triệu (tiếng Anh); 75 - 83 triệu (liên kết quốc tế)",https://baolamdong.vn/tong-hop-hoc-phi-cac-truong-dai-hoc-2025-387872.html
DVT,Trường Đại học Trà Vinh,2025,2025-2026,15000000,50000000,VND/năm,15 - 50 triệu,https://baolamdong.vn/tong-hop-hoc-phi-cac-truong-dai-hoc-2025-387872.html
VHH,Trường Đại học Văn hóa Hà Nội,2025,2025-2026,13800000,13800000,VND/năm,"13,8 triệu",https://baolamdong.vn/tong-hop-hoc-phi-cac-truong-dai-hoc-2025-387872.html
TDV,Trường Đại học Vinh,2025,2025-2026,11900000,16300000,VND/năm,"11,9 - 16,3 triệu",https://baolamdong.vn/tong-hop-hoc-phi-cac-truong-dai-hoc-2025-387872.html
XDA,Trường Đại học Xây dựng,2025,2025-2026,18500000,37000000,VND/năm,"18,5 triệu (chương trình chuẩn); 37 triệu (liên kết)",https://baolamdong.vn/tong-hop-hoc-phi-cac-truong-dai-hoc-2025-387872.html
MTU,Trường Đại học Xây dựng Miền Tây,2025,2025-2026,14000000,14800000,VND/năm,"14 - 14,8 triệu",https://baolamdong.vn/tong-hop-hoc-phi-cac-truong-dai-hoc-2025-387872.html
XDT,Trường Đại học Xây dựng Miền Trung,2025,2025-2026,15900000,18500000,VND/năm,"15,9 - 18,5 triệu",https://baolamdong.vn/tong-hop-hoc-phi-cac-truong-dai-hoc-2025-387872.html
YCT,Trường Đại học Y Dược Cần Thơ,2025,2025-2026,44400000,63100000,VND/năm,"44,4 - 63,1 triệu",https://baolamdong.vn/tong-hop-hoc-phi-cac-truong-dai-hoc-2025-387872.html
DHY,Trường Đại học Y Dược - Đại học Huế,2025,2025-2026,36600000,61100000,VND/năm,"36,6 - 61,1 triệu",https://baolamdong.vn/tong-hop-hoc-phi-cac-truong-dai-hoc-2025-387872.html
YPB,Trường Đại học Y Dược Hải Phòng,2025,2025-2026,45000000,58000000,VND/năm,45 - 58 triệu,https://baolamdong.vn/tong-hop-hoc-phi-cac-truong-dai-hoc-2025-387872.html
YTB,Trường Đại học Y Dược Thái Bình,2025,2025-2026,42000000,55500000,VND/năm,"42 - 55,5 triệu",https://baolamdong.vn/tong-hop-hoc-phi-cac-truong-dai-hoc-2025-387872.html
YDS,Trường Đại học Y Dược TPHCM,2025,2025-2026,30000000,84700000,VND/năm,"30 - 84,7 triệu",https://baolamdong.vn/tong-hop-hoc-phi-cac-truong-dai-hoc-2025-387872.html
YHB,Trường Đại học Y Hà Nội,2025,2025-2026,16900000,62200000,VND/năm,"16,9 - 62,2 triệu",https://baolamdong.vn/tong-hop-hoc-phi-cac-truong-dai-hoc-2025-387872.html
TYS,Trường Đại học Y khoa Phạm Ngọc Thạch,2025,2025-2026,41800000,55200000,VND/năm,"41,8 - 55,2 triệu",https://baolamdong.vn/tong-hop-hoc-phi-cac-truong-dai-hoc-2025-387872.html
YTC,Trường Đại học Y tế công cộng,2025,2025-2026,18590000,34220000,VND/năm,"18,59 - 34,22 triệu",https://baolamdong.vn/tong-hop-hoc-phi-cac-truong-dai-hoc-2025-387872.html
GDU,Trường Đại học Gia Định,2025,2025-2026,20700000,170000000,VND/năm,"20,7 - 170 triệu",https://baolamdong.vn/tong-hop-hoc-phi-cac-truong-dai-hoc-2025-387872.html
HBT,Học viện Báo chí và Tuyên truyền,2025,2025-2026,18500000,33800000,VND/năm,"18,5 - 33,8 triệu",https://baolamdong.vn/tong-hop-hoc-phi-cac-truong-dai-hoc-2025-387872.html
BVH,Học viện Công nghệ Bưu chính Viễn thông,2025,2025-2026,29600000,62500000,VND/năm,"29,6 - 37,6 triệu (chuẩn); 49,2 - 55 triệu (chất lượng cao); 54 - 62,5 triệu (liên kết/định hướng ứng dụng)",https://baolamdong.vn/tong-hop-hoc-phi-cac-truong-dai-hoc-2025-387872.html
KMA,Học viện Kỹ thuật mật mã,2025,2025-2026,19250000,19250000,VND/năm,"19,25 triệu",https://baolamdong.vn/tong-hop-hoc-phi-cac-truong-dai-hoc-2025-387872.html
NHH,Học viện Ngân hàng,2025,2025-2026,27000000,40000000,VND/năm,27 - 28 triệu (chuẩn); 40 triệu (chất lượng cao),https://baolamdong.vn/tong-hop-hoc-phi-cac-truong-dai-hoc-2025-387872.html
HQT,Học viện Ngoại giao,2025,2025-2026,34000000,45000000,VND/năm,34 - 45 triệu,https://baolamdong.vn/tong-hop-hoc-phi-cac-truong-dai-hoc-2025-387872.html
HPN,Học viện Phụ nữ,2025,2025-2026,14970000,19100000,VND/năm,"14,97 - 19,1 triệu",https://baolamdong.vn/tong-hop-hoc-phi-cac-truong-dai-hoc-2025-387872.html
HVQ,Học viện Quản lý giáo dục,2025,2025-2026,15900000,18500000,VND/năm,"15,9 - 18,5 triệu",https://baolamdong.vn/tong-hop-hoc-phi-cac-truong-dai-hoc-2025-387872.html
HTC,Học viện Tài chính,2025,2025-2026,20000000,55000000,VND/năm,20 - 28 triệu (chuẩn); 50 - 55 triệu (định hướng chứng chỉ quốc tế),https://baolamdong.vn/tong-hop-hoc-phi-cac-truong-dai-hoc-2025-387872.html
DHD,Trường Du lịch - Đại học Huế,2025,2025-2026,13800000,13800000,VND/năm,"13,8 triệu",https://baolamdong.vn/tong-hop-hoc-phi-cac-truong-dai-hoc-2025-387872.html
QSY,Trường Đại học Khoa học Sức khỏe - Đại học Quốc gia TP HCM,2025,2025-2026,53200000,70000000,VND/năm,"53,2 - 70 triệu",https://baolamdong.vn/tong-hop-hoc-phi-cac-truong-dai-hoc-2025-387872.html
UEF,Trường Đại học Kinh tế - Tài chính TP HCM,2025,2025-2026,80000000,80000000,VND/năm,80 triệu,https://baolamdong.vn/tong-hop-hoc-phi-cac-truong-dai-hoc-2025-387872.html
DHQ,Phân hiệu Đại học Huế tại Quảng Trị,2025,2025-2026,17000000,18500000,VND/năm,"17 - 18,5 triệu",https://baolamdong.vn/tong-hop-hoc-phi-cac-truong-dai-hoc-2025-387872.html
SPK,Trường Đại học Sư phạm Kỹ thuật TP HCM,2025,2025-2026,32500000,62000000,VND/năm,"32,5 - 62 triệu",https://baolamdong.vn/tong-hop-hoc-phi-cac-truong-dai-hoc-2025-387872.html
HCP,Học viện Chính sách và Phát triển,2025,2025-2026,20150000,28300000,VND/năm,"20,15 triệu (chuẩn); 28,3 triệu (chất lượng cao)",https://baolamdong.vn/tong-hop-hoc-phi-cac-truong-dai-hoc-2025-387872.html
HYD,Học viện Y Dược học cổ truyền Việt Nam,2025,2025-2026,27600000,31100000,VND/năm,"27,6 - 31,1 triệu",https://baolamdong.vn/tong-hop-hoc-phi-cac-truong-dai-hoc-2025-387872.html
VHD,Trường Đại học Công nghiệp Việt - Hung,2025,2025-2026,15900000,18500000,VND/năm,"15,9 - 18,5 triệu",https://baolamdong.vn/tong-hop-hoc-phi-cac-truong-dai-hoc-2025-387872.html
DQU,Trường Đại học Quảng Nam,2025,2025-2026,20600000,24000000,VND/năm,"20,6 - 24 triệu",https://baolamdong.vn/tong-hop-hoc-phi-cac-truong-dai-hoc-2025-387872.html
DCL,Trường Đại học Cửu Long,2025,2025-2026,13200000,78000000,VND/năm,"13,2 - 78 triệu",https://baolamdong.vn/tong-hop-hoc-phi-cac-truong-dai-hoc-2025-387872.html
DDA,Trường Đại học Công nghệ Đông Á,2025,2025-2026,23000000,35000000,VND/năm,23 - 35 triệu,https://baolamdong.vn/tong-hop-hoc-phi-cac-truong-dai-hoc-2025-387872.html
VLU,Trường Đại học Sư phạm Kỹ thuật Vĩnh Long,2025,2025-2026,20140000,23370000,VND/năm,"20,14 - 23,37 triệu",https://baolamdong.vn/tong-hop-hoc-phi-cac-truong-dai-hoc-2025-387872.html
DAD,Trường Đại học Đông Á,2025,2025-2026,17600000,85990000,VND/năm,"17,6 - 85,99 triệu",https://baolamdong.vn/tong-hop-hoc-phi-cac-truong-dai-hoc-2025-387872.html
SKH,Trường Đại học Sư phạm Kỹ thuật Hưng Yên,2025,2025-2026,15500000,24000000,VND/năm,"15,5 - 17,9 triệu (chuẩn); 24 triệu (bằng tiếng Anh)",https://baolamdong.vn/tong-hop-hoc-phi-cac-truong-dai-hoc-2025-387872.html
DLH,Trường Đại học Lạc Hồng,2025,2025-2026,35000000,49000000,VND/năm,35 - 49 triệu (chuẩn); 40 - 42 triệu (Việt - Nhật); 40 - 42 triệu (Việt - Hoa),https://baolamdong.vn/tong-hop-hoc-phi-cac-truong-dai-hoc-2025-387872.html
DCQ,Trường Đại học Công nghệ và Quản lý hữu nghị,2025,2025-2026,25150000,27370000,VND/năm,"25,15 - 27,37 triệu",https://baolamdong.vn/tong-hop-hoc-phi-cac-truong-dai-hoc-2025-387872.html
DPX,Trường Đại học Phú Xuân,2025,2025-2026,20630000,25940000,VND/năm,"20,63 - 25,94 triệu",https://baolamdong.vn/tong-hop-hoc-phi-cac-truong-dai-hoc-2025-387872.html
DNC,Trường Đại học Nam Cần Thơ,2025,2025-2026,20000000,80000000,VND/năm,20 - 80 triệu,https://baolamdong.vn/tong-hop-hoc-phi-cac-truong-dai-hoc-2025-387872.html
GTA,Trường Đại học Công nghệ giao thông Vận tải,2025,2025-2026,20000000,30000000,VND/năm,20 triệu (chuẩn); 30 triệu (tăng cường tiếng Anh/đào tạo đặt hàng/định hướng Nhật Bản),https://baolamdong.vn/tong-hop-hoc-phi-cac-truong-dai-hoc-2025-387872.html
VTT,Trường Đại học Võ Trường Toản,2025,2025-2026,10500000,61500000,VND/năm,"10,5 - 61,5 triệu",https://baolamdong.vn/tong-hop-hoc-phi-cac-truong-dai-hoc-2025-387872.html
TDL,Trường Đại học Đà Lạt,2025,2025-2026,15000000,24000000,VND/năm,15 - 24 triệu,https://baolamdong.vn/tong-hop-hoc-phi-cac-truong-dai-hoc-2025-387872.html
KTA,Trường Đại học Kiến trúc Hà Nội,2025,2025-2026,15200000,18500000,VND/năm,"15,2 - 18,5 triệu",https://baolamdong.vn/tong-hop-hoc-phi-cac-truong-dai-hoc-2025-387872.html
DQT,Trường Đại học Quang Trung,2025,2025-2026,15600000,17000000,VND/năm,"15,6 - 17 triệu",https://baolamdong.vn/tong-hop-hoc-phi-cac-truong-dai-hoc-2025-387872.html
DVH,Trường Đại học Văn Hiến,2025,2025-2026,17470000,44100000,VND/năm,"17,47 - 44,1 triệu",https://baolamdong.vn/tong-hop-hoc-phi-cac-truong-dai-hoc-2025-387872.html
SDU,Trường Đại học Sao Đỏ,2025,2025-2026,18000000,20000000,VND/năm,18 - 20 triệu,https://baolamdong.vn/tong-hop-hoc-phi-cac-truong-dai-hoc-2025-387872.html
CMC,Trường Đại học CMC,2025,2025-2026,21550000,23650000,VND/năm,"21,55 - 23,65 triệu",https://baolamdong.vn/tong-hop-hoc-phi-cac-truong-dai-hoc-2025-387872.html
TDM,Trường Đại học Thủ Dầu Một,2025,2025-2026,22800000,34690000,VND/năm,"22,8 - 34,69 triệu",https://baolamdong.vn/tong-hop-hoc-phi-cac-truong-dai-hoc-2025-387872.html
KTD,Trường Đại học Kiến trúc Đà Nẵng,2025,2025-2026,27840000,37800000,VND/năm,"27,84 - 37,8 triệu",https://baolamdong.vn/tong-hop-hoc-phi-cac-truong-dai-hoc-2025-387872.html
DHV,Trường Đại học Hùng Vương TP HCM,2025,2025-2026,33000000,33000000,VND/năm,33 triệu,https://baolamdong.vn/tong-hop-hoc-phi-cac-truong-dai-hoc-2025-387872.html
SIU,Trường Đại học Quốc tế Sài Gòn,2025,2025-2026,34300000,72000000,VND/năm,"34,3 - 72 triệu",https://baolamdong.vn/tong-hop-hoc-phi-cac-truong-dai-hoc-2025-387872.html
DNT,Trường Đại học Ngoại ngữ - Tin học TP HCM,2025,2025-2026,38130000,39360000,VND/năm,"38,13 - 39,36 triệu",https://baolamdong.vn/tong-hop-hoc-phi-cac-truong-dai-hoc-2025-387872.html
VGU,Trường Đại học Việt Đức,2025,2025-2026,42600000,45400000,VND/năm,"42,6 - 45,4 triệu",https://baolamdong.vn/tong-hop-hoc-phi-cac-truong-dai-hoc-2025-387872.html
UKH,Trường Đại học Khánh Hòa,2025,2025-2026,10400000,15170000,VND/năm,"10,4 - 15,17 triệu",https://baolamdong.vn/tong-hop-hoc-phi-cac-truong-dai-hoc-2025-387872.html
DDK,Trường Đại học Bách khoa - Đại học Đà Nẵng,2025,2025-2026,25900000,36200000,VND/năm,"25,9 - 30,896 triệu (chuẩn); 26,3 triệu (PFIEV); 36,2 triệu (tiên tiến)",https://baolamdong.vn/tong-hop-hoc-phi-cac-truong-dai-hoc-2025-387872.html
VKU,"Trường Đại học Công nghệ Thông tin và Truyền thông Việt - Hàn, Đại học Đà Nẵng",2025,2025-2026,16000000,18000000,VND/năm,16 - 18 triệu,https://baolamdong.vn/tong-hop-hoc-phi-cac-truong-dai-hoc-2025-387872.html
DDQ,Trường Đại học Kinh tế - Đại học Đà Nẵng,2025,2025-2026,27500000,40000000,VND/năm,"27,5 - 40 triệu",https://baolamdong.vn/tong-hop-hoc-phi-cac-truong-dai-hoc-2025-387872.html
DDF,Trường Đại học Ngoại ngữ - Đại học Đà Nẵng,2025,2025-2026,16900000,19500000,VND/năm,"16,9 - 19,5 triệu",https://baolamdong.vn/tong-hop-hoc-phi-cac-truong-dai-hoc-2025-387872.html
DDS,Trường Đại học Sư phạm - Đại học Đà Nẵng,2025,2025-2026,14820000,17240000,VND/năm,"14,82 - 17,24 triệu",https://baolamdong.vn/tong-hop-hoc-phi-cac-truong-dai-hoc-2025-387872.html
DSK,Trường Đại học Sư phạm Kỹ thuật - Đại học Đà Nẵng,2025,2025-2026,15900000,25900000,VND/năm,"15,9 - 25,9 triệu",https://baolamdong.vn/tong-hop-hoc-phi-cac-truong-dai-hoc-2025-387872.html
DDP,Phân hiệu tại Kon Tum - Đại học Đà Nẵng,2025,2025-2026,15000000,17500000,VND/năm,"15 - 17,5 triệu",https://baolamdong.vn/tong-hop-hoc-phi-cac-truong-dai-hoc-2025-387872.html
DDY,Trường Y Dược - Đại học Đà Nẵng,2025,2025-2026,16900000,31100000,VND/năm,"16,9 - 31,1 triệu",https://baolamdong.vn/tong-hop-hoc-phi-cac-truong-dai-hoc-2025-387872.html
DDV,Viện Nghiên cứu và đào tạo Việt - Anh - Đại học Đà Nẵng,2025,2025-2026,31800000,48100000,VND/năm,"31,8 - 48,1 triệu",https://baolamdong.vn/tong-hop-hoc-phi-cac-truong-dai-hoc-2025-387872.html
DTC,Trường Đại học Công nghệ Thông tin và Truyền thông - Đại học Thái Nguyên,2025,2025-2026,16500000,16500000,VND/năm,"16,5 triệu",https://baolamdong.vn/tong-hop-hoc-phi-cac-truong-dai-hoc-2025-387872.html
DTE,Trường Đại học Kinh tế và Quản trị Kinh doanh - Đại học Thái Nguyên,2025,2025-2026,16000000,57650000,VND/năm,"16 - 18 triệu (chuẩn); 56,78 - 57,65 triệu (bằng tiếng Anh)",https://baolamdong.vn/tong-hop-hoc-phi-cac-truong-dai-hoc-2025-387872.html
DTN,Trường Đại học Nông Lâm - Đại học Thái Nguyên,2025,2025-2026,14100000,28900000,VND/năm,"14,1 - 16,4 triệu (chuẩn); 28,9 triệu (tiên tiến)",https://baolamdong.vn/tong-hop-hoc-phi-cac-truong-dai-hoc-2025-387872.html
DTS,Trường Đại học Sư phạm - Đại học Thái Nguyên,2025,2025-2026,15900000,15900000,VND/năm,"15,9 triệu",https://baolamdong.vn/tong-hop-hoc-phi-cac-truong-dai-hoc-2025-387872.html
DTY,Trường Đại học Y Dược - Đại học Thái Nguyên,2025,2025-2026,43000000,59000000,VND/năm,43 - 59 triệu,https://baolamdong.vn/tong-hop-hoc-phi-cac-truong-dai-hoc-2025-387872.html