ma_tuyen_sinh,ten_truong,dia_chi,tinh_thanh,website,loai_truong
DHH,Trường Đại Học Hà Hoa Tiên,,,,
DNV,Trường Đại học Nội vụ Hà Nội,,,,
DTG,Phân hiệu Đại học Thái Nguyên tại Hà Giang,,,,
HCS,Học Viện Hành Chính Và Quản Trị Công (phía Nam),,,,
HPU,Trường Đại học Quản lý và Công nghệ Hải Phòng,,,,
HVD,Học Viện Dân Tộc,,,,
KSV,Đại học Kinh Tế TPHCM - Phân hiệu Vĩnh Long,,,,
LBS,Trường Đại học Nguyễn Huệ,,,,
LNA,Phân hiệu Đại học Lâm nghiệp tỉnh Gia Lai,,,,
NHB,Học Viện Ngân Hàng (Phân Viện Bắc Ninh),,,,
NHP,Học Viện Ngân Hàng (Phân Viện Phú Yên),,,,
NLG,Phân hiệu Đại học Nông Lâm TPHCM tại Gia Lai,,,,
NLN,Phân hiệu Đại học Nông Lâm TPHCM tại Ninh Thuận,,,,
QHK,Trường Khoa học liên ngành và Nghệ thuật Hà Nội,,,,
QSP,Phân hiệu Đại học Quốc gia TPHCM tại Bến Tre,,,,
XDN,Phân hiệu Đại học Xây dựng miền Trung tại Đà Nẵng,,,,
YHT,Phân hiệu Đại học Y Hà Nội tại Thanh Hóa,,,,