ANH,7480201_Nam,Ngành Công nghệ thông tin (Thí sinh Nam),7480201,2025,https://github.com/kbaoooo/vn_schools_scores_data/blob/main/craw-data/scores/ANH/2025.json
ANH,7860100_Nam_1,"Ngành Nghiệp vụ an ninh (Thí sinh Nam, vùng 1)",7860100,2025,https://github.com/kbaoooo/vn_schools_scores_data/blob/main/craw-data/scores/ANH/2025.json
ANH,7860100_Nam_2,"Ngành Nghiệp vụ an ninh (Thí sinh Nam, vùng 2)",7860100,2025,https://github.com/kbaoooo/vn_schools_scores_data/blob/main/craw-data/scores/ANH/2025.json
ANH,7860100_Nam_3,"Ngành Nghiệp vụ an ninh (Thí sinh Nam, vùng 3)",7860100,2025,https://github.com/kbaoooo/vn_schools_scores_data/blob/main/craw-data/scores/ANH/2025.json
ANH,7860100_Nam_8,"Ngành Nghiệp vụ an ninh (Thí sinh Nam, vùng 8)",7860100,2025,https://github.com/kbaoooo/vn_schools_scores_data/blob/main/craw-data/scores/ANH/2025.json
ANH,7860100_Nu_1,"Ngành Nghiệp vụ an ninh (Thí sinh Nữ, vùng 1)",7860100,2025,https://github.com/kbaoooo/vn_schools_scores_data/blob/main/craw-data/scores/ANH/2025.json
ANH,7860100_Nu_2,"Ngành Nghiệp vụ an ninh (Thí sinh Nữ, vùng 2)",7860100,2025,https://github.com/kbaoooo/vn_schools_scores_data/blob/main/craw-data/scores/ANH/2025.json
ANH,7860100_Nu_3,"Ngành Nghiệp vụ an ninh (Thí sinh Nữ, vùng 3)",7860100,2025,https://github.com/kbaoooo/vn_schools_scores_data/blob/main/craw-data/scores/ANH/2025.json
ANH,7860100_Nu_8,"Ngành Nghiệp vụ an ninh (Thí sinh Nữ, vùng 8)",7860100,2025,https://github.com/kbaoooo/vn_schools_scores_data/blob/main/craw-data/scores/ANH/2025.json
ANH,7860114_Nam_B,"Ngành An ninh mạng và phòng chống tội phạm công nghệ cao (Thí sinh Nam, miền Bắc)",7860114,2025,https://github.com/kbaoooo/vn_schools_scores_data/blob/main/craw-data/scores/ANH/2025.json
ANH,7860114_Nam_N,"Ngành An ninh mạng và phòng chống tội phạm công nghệ cao (Thí sinh Nam, miền Nam)",7860114,2025,https://github.com/kbaoooo/vn_schools_scores_data/blob/main/craw-data/scores/ANH/2025.json
ANH,7860114_Nu_B,"Ngành An ninh mạng và phòng chống tội phạm công nghệ cao (Thí sinh Nữ, miền Bắc)",7860114,2025,https://github.com/kbaoooo/vn_schools_scores_data/blob/main/craw-data/scores/ANH/2025.json
ANH,7860114_Nu_N,"Ngành An ninh mạng và phòng chống tội phạm công nghệ cao (Thí sinh Nữ, miền Nam)",7860114,2025,https://github.com/kbaoooo/vn_schools_scores_data/blob/main/craw-data/scores/ANH/2025.json
ANS,7860100_Nam_4,"Nghiệp vụ An ninh (Thí sinh Nam, vùng 4)",7860100,2025,https://github.com/kbaoooo/vn_schools_scores_data/blob/main/craw-data/scores/ANS/2025.json
ANS,7860100_Nam_5,"Nghiệp vụ An ninh (Thí sinh Nam, vùng 5)",7860100,2025,https://github.com/kbaoooo/vn_schools_scores_data/blob/main/craw-data/scores/ANS/2025.json
ANS,7860100_Nam_6,"Nghiệp vụ An ninh (Thí sinh Nam, vùng 6)",7860100,2025,https://github.com/kbaoooo/vn_schools_scores_data/blob/main/craw-data/scores/ANS/2025.json
ANS,7860100_Nam_7,"Nghiệp vụ An ninh (Thí sinh Nam, vùng 7)",7860100,2025,https://github.com/kbaoooo/vn_schools_scores_data/blob/main/craw-data/scores/ANS/2025.json
ANS,7860100_Nam_8,"Nghiệp vụ An ninh (Thí sinh Nam, vùng 8)",7860100,2025,https://github.com/kbaoooo/vn_schools_scores_data/blob/main/craw-data/scores/ANS/2025.json
ANS,7860100_Nu_4,"Nghiệp vụ An ninh (Thí sinh Nữ, vùng 4)",7860100,2025,https://github.com/kbaoooo/vn_schools_scores_data/blob/main/craw-data/scores/ANS/2025.json
ANS,7860100_Nu_5,"Nghiệp vụ An ninh (Thí sinh Nữ, vùng 5)",7860100,2025,https://github.com/kbaoooo/vn_schools_scores_data/blob/main/craw-data/scores/ANS/2025.json
ANS,7860100_Nu_6,"Nghiệp vụ An ninh (Thí sinh Nữ, vùng 6)",7860100,2025,https://github.com/kbaoooo/vn_schools_scores_data/blob/main/craw-data/scores/ANS/2025.json
ANS,7860100_Nu_7,"Nghiệp vụ An ninh (Thí sinh Nữ, vùng 7)",7860100,2025,https://github.com/kbaoooo/vn_schools_scores_data/blob/main/craw-data/scores/ANS/2025.json
ANS,7860100_Nu_8,"Nghiệp vụ An ninh (Thí sinh Nữ, vùng 8)",7860100,2025,https://github.com/kbaoooo/vn_schools_scores_data/blob/main/craw-data/scores/ANS/2025.json
BKA,BF-E12,Kỹ thuật Thực phẩm (CT tiên tiến),,2025,https://github.com/kbaoooo/vn_schools_scores_data/blob/main/craw-data/scores/BKA/2025.json
BKA,BF-E19,Kỹ thuật sinh học (CT tiên tiến),,2025,https://github.com/kbaoooo/vn_schools_scores_data/blob/main/craw-data/scores/BKA/2025.json
BKA,BF1,Kỹ thuật Sinh học,,2025,https://github.com/kbaoooo/vn_schools_scores_data/blob/main/craw-data/scores/BKA/2025.json
BKA,BF2,Kỹ thuật Thực phẩm,,2025,https://github.com/kbaoooo/vn_schools_scores_data/blob/main/craw-data/scores/BKA/2025.json
BKA,CH-E11,Kỹ thuật Hóa dược (CT tiên tiến),,2025,https://github.com/kbaoooo/vn_schools_scores_data/blob/main/craw-data/scores/BKA/2025.json
BKA,CH1,Kỹ thuật Hoá học,,2025,https://github.com/kbaoooo/vn_schools_scores_data/blob/main/craw-data/scores/BKA/2025.json
BKA,CH2,Hoá học,,2025,https://github.com/kbaoooo/vn_schools_scores_data/blob/main/craw-data/scores/BKA/2025.json
BKA,ED2,Công nghệ giáo dục,,2025,https://github.com/kbaoooo/vn_schools_scores_data/blob/main/craw-data/scores/BKA/2025.json
BKA,ED3,Quản lý giáo dục,,2025,https://github.com/kbaoooo/vn_schools_scores_data/blob/main/craw-data/scores/BKA/2025.json
BKA,EE-E18,Hệ thống điện và năng lượng tái tạo (CT tiên tiến),,2025,https://github.com/kbaoooo/vn_schools_scores_data/blob/main/craw-data/scores/BKA/2025.json
BKA,EE-E8,Kỹ thuật Điều khiển - Tự động hoá (CT tiên tiến),,2025,https://github.com/kbaoooo/vn_schools_scores_data/blob/main/craw-data/scores/BKA/2025.json
BKA,EE-EP,Tin học công nghiệp và Tự động hóa (Chương trình Việt - Pháp PFIEV),,2025,https://github.com/kbaoooo/vn_schools_scores_data/blob/main/craw-data/scores/BKA/2025.json
BKA,EE1,Kỹ thuật Điện,,2025,https://github.com/kbaoooo/vn_schools_scores_data/blob/main/craw-data/scores/BKA/2025.json
BKA,EE2,Kỹ thuật Điều khiển - Tự động hoá,,2025,https://github.com/kbaoooo/vn_schools_scores_data/blob/main/craw-data/scores/BKA/2025.json
BKA,EM-E13,Phân tích kinh doanh (CT tiên tiến),,2025,https://github.com/kbaoooo/vn_schools_scores_data/blob/main/craw-data/scores/BKA/2025.json
BKA,EM-E14,Logistics và Quản lý chuỗi cung ứng (CT tiên tiến),,2025,https://github.com/kbaoooo/vn_schools_scores_data/blob/main/craw-data/scores/BKA/2025.json
BKA,EM1,Quản lý năng lượng,,2025,https://github.com/kbaoooo/vn_schools_scores_data/blob/main/craw-data/scores/BKA/2025.json
BKA,EM2,Quản lý công nghiệp,,2025,https://github.com/kbaoooo/vn_schools_scores_data/blob/main/craw-data/scores/BKA/2025.json
BKA,EM3,Quản trị kinh doanh,,2025,https://github.com/kbaoooo/vn_schools_scores_data/blob/main/craw-data/scores/BKA/2025.json
BKA,EM4,Kế toán,,2025,https://github.com/kbaoooo/vn_schools_scores_data/blob/main/craw-data/scores/BKA/2025.json
BKA,EM5,Tài chính - Ngân hàng,,2025,https://github.com/kbaoooo/vn_schools_scores_data/blob/main/craw-data/scores/BKA/2025.json
BKA,ET-E16,Truyền thông số và Kỹ thuật đa phương tiện (CT tiên tiến),,2025,https://github.com/kbaoooo/vn_schools_scores_data/blob/main/craw-data/scores/BKA/2025.json
BKA,ET-E4,Kỹ thuật Điện tử - Viễn thông (CT tiên tiến),,2025,https://github.com/kbaoooo/vn_schools_scores_data/blob/main/craw-data/scores/BKA/2025.json
BKA,ET-E5,Kỹ thuật Y sinh (CT tiên tiến),,2025,https://github.com/kbaoooo/vn_schools_scores_data/blob/main/craw-data/scores/BKA/2025.json
BKA,ET-E9,Hệ thống nhúng thông minh và IoT (CT tiên tiến),,2025,https://github.com/kbaoooo/vn_schools_scores_data/blob/main/craw-data/scores/BKA/2025.json
BKA,ET-LUH,Điện tử - Viễn thông - hợp tác với ĐH Leibniz Hannover (Đức),,2025,https://github.com/kbaoooo/vn_schools_scores_data/blob/main/craw-data/scores/BKA/2025.json
BKA,ET1,Kỹ thuật Điện tử - Viễn thông,,2025,https://github.com/kbaoooo/vn_schools_scores_data/blob/main/craw-data/scores/BKA/2025.json
BKA,ET2,Kỹ thuật Y sinh,,2025,https://github.com/kbaoooo/vn_schools_scores_data/blob/main/craw-data/scores/BKA/2025.json
BKA,EV1,Kỹ thuật Môi trường,,2025,https://github.com/kbaoooo/vn_schools_scores_data/blob/main/craw-data/scores/BKA/2025.json
BKA,EV2,Quản lý Tài nguyên và Môi trường,,2025,https://github.com/kbaoooo/vn_schools_scores_data/blob/main/craw-data/scores/BKA/2025.json
BKA,FL1,Tiếng Anh KHKT và Công nghệ,,2025,https://github.com/kbaoooo/vn_schools_scores_data/blob/main/craw-data/scores/BKA/2025.json
BKA,FL2,Tiếng Anh chuyên nghiệp quốc tế,,2025,https://github.com/kbaoooo/vn_schools_scores_data/blob/main/craw-data/scores/BKA/2025.json
BKA,FL3,Tiếng Trung KHKT và Công nghệ,,2025,https://github.com/kbaoooo/vn_schools_scores_data/blob/main/craw-data/scores/BKA/2025.json
BKA,HE1,Kỹ thuật Nhiệt,,2025,https://github.com/kbaoooo/vn_schools_scores_data/blob/main/craw-data/scores/BKA/2025.json
BKA,IT-E10,Khoa học dữ liệu và Trí tuệ nhân tạo (CT tiên tiến),,2025,https://github.com/kbaoooo/vn_schools_scores_data/blob/main/craw-data/scores/BKA/2025.json
BKA,IT-E15,An toàn không gian số - Cyber Security (CT Tiên tiến),,2025,https://github.com/kbaoooo/vn_schools_scores_data/blob/main/craw-data/scores/BKA/2025.json
BKA,IT-E6,Công nghệ thông tin (Việt - Nhật),,2025,https://github.com/kbaoooo/vn_schools_scores_data/blob/main/craw-data/scores/BKA/2025.json
BKA,IT-E7,Công nghệ thông tin (Global ICT),,2025,https://github.com/kbaoooo/vn_schools_scores_data/blob/main/craw-data/scores/BKA/2025.json
BKA,IT-EP,Công nghệ thông tin (Việt - Pháp),,2025,https://github.com/kbaoooo/vn_schools_scores_data/blob/main/craw-data/scores/BKA/2025.json
BKA,IT1,CNTT: Khoa học Máy tính,,2025,https://github.com/kbaoooo/vn_schools_scores_data/blob/main/craw-data/scores/BKA/2025.json
BKA,IT2,CNTT: Kỹ thuật Máy tính,,2025,https://github.com/kbaoooo/vn_schools_scores_data/blob/main/craw-data/scores/BKA/2025.json
BKA,ME-E1,Kỹ thuật Cơ điện tử (CT tiên tiến),,2025,https://github.com/kbaoooo/vn_schools_scores_data/blob/main/craw-data/scores/BKA/2025.json
BKA,ME-GU,Cơ khí - Chế tạo máy - hợp tác với ĐH Griffith (Úc),,2025,https://github.com/kbaoooo/vn_schools_scores_data/blob/main/craw-data/scores/BKA/2025.json
BKA,ME-LUH,Cơ điện tử - hợp tác với ĐH Leibniz Hannover (Đức),,2025,https://github.com/kbaoooo/vn_schools_scores_data/blob/main/craw-data/scores/BKA/2025.json
BKA,ME-NUT,Cơ điện tử - hợp tác với ĐH Công nghệ Nagaoka (Nhật Bản),,2025,https://github.com/kbaoooo/vn_schools_scores_data/blob/main/craw-data/scores/BKA/2025.json
BKA,ME1,Kỹ thuật Cơ điện tử,,2025,https://github.com/kbaoooo/vn_schools_scores_data/blob/main/craw-data/scores/BKA/2025.json
BKA,ME2,Kỹ thuật Cơ khí,,2025,https://github.com/kbaoooo/vn_schools_scores_data/blob/main/craw-data/scores/BKA/2025.json
BKA,MI1,Toán - Tin,,2025,https://github.com/kbaoooo/vn_schools_scores_data/blob/main/craw-data/scores/BKA/2025.json
BKA,MI2,Hệ thống thông tin quản lý,,2025,https://github.com/kbaoooo/vn_schools_scores_data/blob/main/craw-data/scores/BKA/2025.json
BKA,MS-E3,Khoa học và kỹ thuật vật liệu (CT tiên tiến),,2025,https://github.com/kbaoooo/vn_schools_scores_data/blob/main/craw-data/scores/BKA/2025.json
BKA,MS1,Kỹ thuật Vật liệu,,2025,https://github.com/kbaoooo/vn_schools_scores_data/blob/main/craw-data/scores/BKA/2025.json
BKA,MS2,Kỹ thuật Vi điện tử và Công nghệ nano,,2025,https://github.com/kbaoooo/vn_schools_scores_data/blob/main/craw-data/scores/BKA/2025.json
BKA,MS3,Công nghệ vật liệu Polyme và Compozit,,2025,https://github.com/kbaoooo/vn_schools_scores_data/blob/main/craw-data/scores/BKA/2025.json
BKA,MS5,Kỹ thuật in,,2025,https://github.com/kbaoooo/vn_schools_scores_data/blob/main/craw-data/scores/BKA/2025.json
BKA,PH1,Vật lý kỹ thuật,,2025,https://github.com/kbaoooo/vn_schools_scores_data/blob/main/craw-data/scores/BKA/2025.json
BKA,PH2,Kỹ thuật hạt nhân,,2025,https://github.com/kbaoooo/vn_schools_scores_data/blob/main/craw-data/scores/BKA/2025.json
BKA,PH3,Vật lý Y khoa,,2025,https://github.com/kbaoooo/vn_schools_scores_data/blob/main/craw-data/scores/BKA/2025.json
BKA,TE-E2,Kỹ thuật Ô tô (CT tiên tiến),,2025,https://github.com/kbaoooo/vn_schools_scores_data/blob/main/craw-data/scores/BKA/2025.json
BKA,TE-EP,Cơ khí hàng không (Chương trình Việt - Pháp PFIEV),,2025,https://github.com/kbaoooo/vn_schools_scores_data/blob/main/craw-data/scores/BKA/2025.json
BKA,TE1,Kỹ thuật Ô tô,,2025,https://github.com/kbaoooo/vn_schools_scores_data/blob/main/craw-data/scores/BKA/2025.json
BKA,TE2,Kỹ thuật Cơ khí động lực,,2025,https://github.com/kbaoooo/vn_schools_scores_data/blob/main/craw-data/scores/BKA/2025.json
BKA,TE3,Kỹ thuật Hàng không,,2025,https://github.com/kbaoooo/vn_schools_scores_data/blob/main/craw-data/scores/BKA/2025.json
BKA,TROY-BA,Quản trị kinh doanh - hợp tác với ĐH Troy (Hoa Kỳ),,2025,https://github.com/kbaoooo/vn_schools_scores_data/blob/main/craw-data/scores/BKA/2025.json
BKA,TROY-IT,Khoa học máy tính - hợp tác với ĐH Troy (Hoa Kỳ),,2025,https://github.com/kbaoooo/vn_schools_scores_data/blob/main/craw-data/scores/BKA/2025.json
BKA,TX1,Công nghệ Dệt - May,,2025,https://github.com/kbaoooo/vn_schools_scores_data/blob/main/craw-data/scores/BKA/2025.json
BMU,7720101,Y khoa,7720101,2025,https://github.com/kbaoooo/vn_schools_scores_data/blob/main/craw-data/scores/BMU/2025.json
BMU,7720201,Dược học,7720201,2025,https://github.com/kbaoooo/vn_schools_scores_data/blob/main/craw-data/scores/BMU/2025.json
BMU,7720301,Điều dưỡng,7720301,2025,https://github.com/kbaoooo/vn_schools_scores_data/blob/main/craw-data/scores/BMU/2025.json
BMU,7720701,Y tế công cộng,7720701,2025,https://github.com/kbaoooo/vn_schools_scores_data/blob/main/craw-data/scores/BMU/2025.json
BPH,7380101_B_C00,Luật (Thí sinh miền Bắc),7380101,2025,https://github.com/kbaoooo/vn_schools_scores_data/blob/main/craw-data/scores/BPH/2025.json
BPH,7380101_B_C01,Luật (Thí sinh miền Bắc),7380101,2025,https://github.com/kbaoooo/vn_schools_scores_data/blob/main/craw-data/scores/BPH/2025.json
BPH,7380101_B_C03,Luật (Thí sinh miền Bắc),7380101,2025,https://github.com/kbaoooo/vn_schools_scores_data/blob/main/craw-data/scores/BPH/2025.json
BPH,7380101_N,Luật (Thí sinh miền Nam),7380101,2025,https://github.com/kbaoooo/vn_schools_scores_data/blob/main/craw-data/scores/BPH/2025.json
BPH,7380101_N_C01,Luật (Thí sinh miền Nam),7380101,2025,https://github.com/kbaoooo/vn_schools_scores_data/blob/main/craw-data/scores/BPH/2025.json
BPH,7380101_N_C03,Luật (Thí sinh miền Nam),7380101,2025,https://github.com/kbaoooo/vn_schools_scores_data/blob/main/craw-data/scores/BPH/2025.json
BPH,7860214_A01_4,Biên phòng (Quân khu 4),7860214,2025,https://github.com/kbaoooo/vn_schools_scores_data/blob/main/craw-data/scores/BPH/2025.json
BPH,7860214_A01_5,Biên phòng (Quân khu 5),7860214,2025,https://github.com/kbaoooo/vn_schools_scores_data/blob/main/craw-data/scores/BPH/2025.json
BPH,7860214_A01_7,Biên phòng (Quân khu 7),7860214,2025,https://github.com/kbaoooo/vn_schools_scores_data/blob/main/craw-data/scores/BPH/2025.json
BPH,7860214_A01_9,Biên phòng (Quân khu 9),7860214,2025,https://github.com/kbaoooo/vn_schools_scores_data/blob/main/craw-data/scores/BPH/2025.json
BPH,7860214_B_A01,Biên phòng (Thí sinh miền Bắc),7860214,2025,https://github.com/kbaoooo/vn_schools_scores_data/blob/main/craw-data/scores/BPH/2025.json
BPH,7860214_B_C00,Biên phòng (Thí sinh miền Bắc),7860214,2025,https://github.com/kbaoooo/vn_schools_scores_data/blob/main/craw-data/scores/BPH/2025.json
BPH,7860214_B_C01,Biên phòng (Thí sinh miền Bắc),7860214,2025,https://github.com/kbaoooo/vn_schools_scores_data/blob/main/craw-data/scores/BPH/2025.json
BPH,7860214_B_C03,Biên phòng (Thí sinh miền Bắc),7860214,2025,https://github.com/kbaoooo/vn_schools_scores_data/blob/main/craw-data/scores/BPH/2025.json
BPH,7860214_C00_4,Biên phòng (Quân khu 4),7860214,2025,https://github.com/kbaoooo/vn_schools_scores_data/blob/main/craw-data/scores/BPH/2025.json
BPH,7860214_C00_5,Biên phòng (Quân khu 5),7860214,2025,https://github.com/kbaoooo/vn_schools_scores_data/blob/main/craw-data/scores/BPH/2025.json
BPH,7860214_C00_7,Biên phòng (Quân khu 7),7860214,2025,https://github.com/kbaoooo/vn_schools_scores_data/blob/main/craw-data/scores/BPH/2025.json
BPH,7860214_C00_9,Biên phòng (Quân khu 9),7860214,2025,https://github.com/kbaoooo/vn_schools_scores_data/blob/main/craw-data/scores/BPH/2025.json
BPH,7860214_C01_4,Biên phòng (Quân khu 4),7860214,2025,https://github.com/kbaoooo/vn_schools_scores_data/blob/main/craw-data/scores/BPH/2025.json
BPH,7860214_C01_5,Biên phòng (Quân khu 5),7860214,2025,https://github.com/kbaoooo/vn_schools_scores_data/blob/main/craw-data/scores/BPH/2025.json
BPH,7860214_C01_7,Biên phòng (Quân khu 7),7860214,2025,https://github.com/kbaoooo/vn_schools_scores_data/blob/main/craw-data/scores/BPH/2025.json
BPH,7860214_C01_9,Biên phòng (Quân khu 9),7860214,2025,https://github.com/kbaoooo/vn_schools_scores_data/blob/main/craw-data/scores/BPH/2025.json
BPH,7860214_C03_4,Biên phòng (Quân khu 4),7860214,2025,https://github.com/kbaoooo/vn_schools_scores_data/blob/main/craw-data/scores/BPH/2025.json
BPH,7860214_C03_5,Biên phòng (Quân khu 5),7860214,2025,https://github.com/kbaoooo/vn_schools_scores_data/blob/main/craw-data/scores/BPH/2025.json
BPH,7860214_C03_7,Biên phòng (Quân khu 7),7860214,2025,https://github.com/kbaoooo/vn_schools_scores_data/blob/main/craw-data/scores/BPH/2025.json
BPH,7860214_C03_9,Biên phòng (Quân khu 9),7860214,2025,https://github.com/kbaoooo/vn_schools_scores_data/blob/main/craw-data/scores/BPH/2025.json
BVH,7320101,Báo chí,7320101,2025,https://github.com/kbaoooo/vn_schools_scores_data/blob/main/craw-data/scores/BVH/2025.json
BVH,7320104,Truyền thông đa phương tiện,7320104,2025,https://github.com/kbaoooo/vn_schools_scores_data/blob/main/craw-data/scores/BVH/2025.json
BVH,7320104_CLC,Truyền thông đa phương tiện - Chương trình đào tạo chất lượng cao,7320104,2025,https://github.com/kbaoooo/vn_schools_scores_data/blob/main/craw-data/scores/BVH/2025.json
BVH,7329001,Công nghệ đa phương tiện,7329001,2025,https://github.com/kbaoooo/vn_schools_scores_data/blob/main/craw-data/scores/BVH/2025.json
BVH,7329001_GAM,Thiết kế và phát triển Game (ngành Công nghệ đa phương tiện),7329001,2025,https://github.com/kbaoooo/vn_schools_scores_data/blob/main/craw-data/scores/BVH/2025.json
BVH,7340101,Quản trị kinh doanh,7340101,2025,https://github.com/kbaoooo/vn_schools_scores_data/blob/main/craw-data/scores/BVH/2025.json
BVH,7340101_LOG,Logistics và quản trị chuỗi cung ứng (ngành Quản trị kinh doanh),7340101,2025,https://github.com/kbaoooo/vn_schools_scores_data/blob/main/craw-data/scores/BVH/2025.json
BVH,7340115,Marketing,7340115,2025,https://github.com/kbaoooo/vn_schools_scores_data/blob/main/craw-data/scores/BVH/2025.json
BVH,7340115_CLC,Marketing (chất lượng cao),7340115,2025,https://github.com/kbaoooo/vn_schools_scores_data/blob/main/craw-data/scores/BVH/2025.json
BVH,7340115_QHC,Quan hệ công chúng (ngành Marketing),7340115,2025,https://github.com/kbaoooo/vn_schools_scores_data/blob/main/craw-data/scores/BVH/2025.json
BVH,7340122,Thương mại điện tử,7340122,2025,https://github.com/kbaoooo/vn_schools_scores_data/blob/main/craw-data/scores/BVH/2025.json
BVH,7340205,Công nghệ tài chính (Fintech),7340205,2025,https://github.com/kbaoooo/vn_schools_scores_data/blob/main/craw-data/scores/BVH/2025.json
BVH,7340301,Kế toán,7340301,2025,https://github.com/kbaoooo/vn_schools_scores_data/blob/main/craw-data/scores/BVH/2025.json
BVH,7340301_CLC,Kế toán chất lượng cao (chuẩn quốc tế ACCA),7340301,2025,https://github.com/kbaoooo/vn_schools_scores_data/blob/main/craw-data/scores/BVH/2025.json
BVH,7480101,Khoa học máy tính (định hướng Khoa học dữ liệu),7480101,2025,https://github.com/kbaoooo/vn_schools_scores_data/blob/main/craw-data/scores/BVH/2025.json
BVH,7480102,Kỹ thuật dữ liệu (ngành Mạng máy tính và truyền thông dữ liệu),7480102,2025,https://github.com/kbaoooo/vn_schools_scores_data/blob/main/craw-data/scores/BVH/2025.json
BVH,7480107,Trí tuệ nhân tạo,7480107,2025,https://github.com/kbaoooo/vn_schools_scores_data/blob/main/craw-data/scores/BVH/2025.json
BVH,7480201,Công nghệ thông tin,7480201,2025,https://github.com/kbaoooo/vn_schools_scores_data/blob/main/craw-data/scores/BVH/2025.json
BVH,7480201_CLC,Công nghệ thông tin - Chương trình chất lượng cao,7480201,2025,https://github.com/kbaoooo/vn_schools_scores_data/blob/main/craw-data/scores/BVH/2025.json
BVH,7480201_UDU,Công nghệ thông tin (Cử nhân định hướng ứng dụng),7480201,2025,https://github.com/kbaoooo/vn_schools_scores_data/blob/main/craw-data/scores/BVH/2025.json
BVH,7480201_VNH,Công nghệ thông tin Việt - Nhật,7480201,2025,https://github.com/kbaoooo/vn_schools_scores_data/blob/main/craw-data/scores/BVH/2025.json
BVH,7480202,An toàn thông tin,7480202,2025,https://github.com/kbaoooo/vn_schools_scores_data/blob/main/craw-data/scores/BVH/2025.json
BVH,7480202_CLC,An toàn thông tin - Chất lượng cao,7480202,2025,https://github.com/kbaoooo/vn_schools_scores_data/blob/main/craw-data/scores/BVH/2025.json
BVH,7510301,"Công nghệ Kỹ thuật Điện, điện tử",7510301,2025,https://github.com/kbaoooo/vn_schools_scores_data/blob/main/craw-data/scores/BVH/2025.json
BVH,7510301_MBD,"Công nghệ vi mạch bán dẫn (ngành Công nghệ Kỹ thuật Điện, điện tử)",7510301,2025,https://github.com/kbaoooo/vn_schools_scores_data/blob/main/craw-data/scores/BVH/2025.json
BVH,7520207,Kỹ thuật Điện tử viễn thông,7520207,2025,https://github.com/kbaoooo/vn_schools_scores_data/blob/main/craw-data/scores/BVH/2025.json
BVH,7520207_AIoT,Trí tuệ nhân tạo vạn vật (AIoT) (ngành Kỹ thuật Điện tử viễn thông),7520207,2025,https://github.com/kbaoooo/vn_schools_scores_data/blob/main/craw-data/scores/BVH/2025.json
BVH,7520216,Kỹ thuật Điều khiển và tự động hóa,7520216,2025,https://github.com/kbaoooo/vn_schools_scores_data/blob/main/craw-data/scores/BVH/2025.json
BVS,7320104,Truyền thông đa phương tiện,7320104,2025,https://github.com/kbaoooo/vn_schools_scores_data/blob/main/craw-data/scores/BVS/2025.json
BVS,7329001,Công nghệ đa phương tiện,7329001,2025,https://github.com/kbaoooo/vn_schools_scores_data/blob/main/craw-data/scores/BVS/2025.json
BVS,7340101,Quản trị kinh doanh,7340101,2025,https://github.com/kbaoooo/vn_schools_scores_data/blob/main/craw-data/scores/BVS/2025.json
BVS,7340115,Marketing,7340115,2025,https://github.com/kbaoooo/vn_schools_scores_data/blob/main/craw-data/scores/BVS/2025.json
BVS,7340115_CLC,Marketing,7340115,2025,https://github.com/kbaoooo/vn_schools_scores_data/blob/main/craw-data/scores/BVS/2025.json
BVS,7340301,Kế toán,7340301,2025,https://github.com/kbaoooo/vn_schools_scores_data/blob/main/craw-data/scores/BVS/2025.json
BVS,7480201,Công nghệ thông tin,7480201,2025,https://github.com/kbaoooo/vn_schools_scores_data/blob/main/craw-data/scores/BVS/2025.json
BVS,7480201_CLC,Công nghệ thông tin,7480201,2025,https://github.com/kbaoooo/vn_schools_scores_data/blob/main/craw-data/scores/BVS/2025.json
BVS,7480202,An toàn thông tin,7480202,2025,https://github.com/kbaoooo/vn_schools_scores_data/blob/main/craw-data/scores/BVS/2025.json
BVS,7510301,"Công nghệ kỹ thuật điện, điện tử",7510301,2025,https://github.com/kbaoooo/vn_schools_scores_data/blob/main/craw-data/scores/BVS/2025.json
BVS,7520207,kỹ thuật điện tử viễn thông,7520207,2025,https://github.com/kbaoooo/vn_schools_scores_data/blob/main/craw-data/scores/BVS/2025.json
BVS,7520208,Công nghệ internet vạn vật (IoT),7520208,2025,https://github.com/kbaoooo/vn_schools_scores_data/blob/main/craw-data/scores/BVS/2025.json
BVS,7520216,Kỹ thuật điều khiển và tự động hóa,7520216,2025,https://github.com/kbaoooo/vn_schools_scores_data/blob/main/craw-data/scores/BVS/2025.json
BVU,7220201,Ngôn ngữ Anh,7220201,2025,https://github.com/kbaoooo/vn_schools_scores_data/blob/main/craw-data/scores/BVU/2025.json
BVU,7220201C1,"Ngôn ngữ Anh (Tiếng Anh biên - phiên dịch - Chương trình chuẩn, ngoại ngữ tiếng Anh/Nhật/Hàn/Trung)",7220201,2025,https://github.com/kbaoooo/vn_schools_scores_data/blob/main/craw-data/scores/BVU/2025.json
BVU,7220201C2,"Ngôn ngữ Anh (Tiếng Anh du lịch - thương mại - Chương trình chuẩn, ngoại ngữ tiếng Anh/Nhật/Hàn/Trung)",7220201,2025,https://github.com/kbaoooo/vn_schools_scores_data/blob/main/craw-data/scores/BVU/2025.json
BVU,7220201C3,"Ngôn ngữ Anh (Phương pháp giảng dạy tiếng Anh - Chương trình chuẩn, ngoại ngữ tiếng Anh/Nhật/Hàn/Trung)",7220201,2025,https://github.com/kbaoooo/vn_schools_scores_data/blob/main/craw-data/scores/BVU/2025.json
BVU,7220201CT,Ngôn ngữ Anh (Lý luận và phương pháp dạy học bộ môn tiếng Anh - Chương trình chuẩn nhận hai bằng cử nhân và thạc sĩ),7220201,2025,https://github.com/kbaoooo/vn_schools_scores_data/blob/main/craw-data/scores/BVU/2025.json
BVU,7220204,"Ngôn ngữ Trung Quốc (Chương trình chuẩn, ngoại ngữ tiếng Anh/Nhật/Hàn/Trung)",7220204,2025,https://github.com/kbaoooo/vn_schools_scores_data/blob/main/craw-data/scores/BVU/2025.json
BVU,7220204C1,"Ngôn ngữ Trung Quốc (Tiếng Trung biên - phiên dịch - Chương trình chuẩn, ngoại ngữ tiếng Anh/Nhật/Hàn/Trung)",7220204,2025,https://github.com/kbaoooo/vn_schools_scores_data/blob/main/craw-data/scores/BVU/2025.json
BVU,7220204C2,"Ngôn ngữ Trung Quốc (Tiếng Trung du lịch - thương mại - Chương trình chuẩn, ngoại ngữ tiếng Anh/Nhật/Hàn/Trung)",7220204,2025,https://github.com/kbaoooo/vn_schools_scores_data/blob/main/craw-data/scores/BVU/2025.json
BVU,7220204C3,"Ngôn ngữ Trung Quốc (Phương pháp giảng dạy tiếng Trung - Chương trình chuẩn, ngoại ngữ tiếng Anh/Nhật/Hàn/Trung)",7220204,2025,https://github.com/kbaoooo/vn_schools_scores_data/blob/main/craw-data/scores/BVU/2025.json
BVU,7310401,Tâm lý học,7310401,2025,https://github.com/kbaoooo/vn_schools_scores_data/blob/main/craw-data/scores/BVU/2025.json
BVU,7310401C1,"Tâm lý học (Tham vấn và trị liệu tâm lý - Chương trình chuẩn, ngoại ngữ tiếng Anh)",7310401,2025,https://github.com/kbaoooo/vn_schools_scores_data/blob/main/craw-data/scores/BVU/2025.json
BVU,7310608C1,"Đông phương học (Ngôn ngữ và văn hóa Hàn Quốc - Chương trình chuẩn, ngoại ngữ tiếng Anh/Nhật/Hàn/Trung)",7310608,2025,https://github.com/kbaoooo/vn_schools_scores_data/blob/main/craw-data/scores/BVU/2025.json
BVU,7310608C2,"Đông phương học (Phương pháp giảng dạy tiếng Hàn - Chương trình chuẩn, ngoại ngữ tiếng Anh/Nhật/Hàn/Trung)",7310608,2025,https://github.com/kbaoooo/vn_schools_scores_data/blob/main/craw-data/scores/BVU/2025.json
BVU,7310608C3,"Đông phương học (Ngôn ngữ và văn hóa Nhật Bản - Chương trình chuẩn, ngoại ngữ tiếng Anh/Nhật/Hàn/Trung)",7310608,2025,https://github.com/kbaoooo/vn_schools_scores_data/blob/main/craw-data/scores/BVU/2025.json
BVU,7310608C4,"Đông phương học (Phương pháp giảng dạy tiếng Nhật - Chương trình chuẩn, ngoại ngữ tiếng Anh/Nhật/Hàn/Trung)",7310608,2025,https://github.com/kbaoooo/vn_schools_scores_data/blob/main/craw-data/scores/BVU/2025.json
BVU,7310608C5,"Đông phương học (Văn hóa và truyền thông xuyên quốc gia - Chương trình chuẩn, ngoại ngữ tiếng Anh/Nhật/Hàn/Trung)",7310608,2025,https://github.com/kbaoooo/vn_schools_scores_data/blob/main/craw-data/scores/BVU/2025.json
BVU,7310608CT1,Đông phương học (Ngôn ngữ và văn hóa Nhật Bản - Chương trình chuẩn nhận hai bằng cử nhân và thạc sĩ),7310608,2025,https://github.com/kbaoooo/vn_schools_scores_data/blob/main/craw-data/scores/BVU/2025.json
BVU,7310608CT2,Đông phương học (Ngôn ngữ và văn hóa Hàn Quốc - Chương trình chuẩn nhận hai bằng cử nhân và thạc sĩ),7310608,2025,https://github.com/kbaoooo/vn_schools_scores_data/blob/main/craw-data/scores/BVU/2025.json
BVU,7320104,Truyền thông đa phương tiện,7320104,2025,https://github.com/kbaoooo/vn_schools_scores_data/blob/main/craw-data/scores/BVU/2025.json
BVU,7320108,Quan hệ công chúng,7320108,2025,https://github.com/kbaoooo/vn_schools_scores_data/blob/main/craw-data/scores/BVU/2025.json
BVU,7340101,Quản trị kinh doanh,7340101,2025,https://github.com/kbaoooo/vn_schools_scores_data/blob/main/craw-data/scores/BVU/2025.json
BVU,7340101C1,"Quản trị kinh doanh (Quản trị doanh nghiệp - Chương trình chuẩn, ngoại ngữ tiếng Anh)",7340101,2025,https://github.com/kbaoooo/vn_schools_scores_data/blob/main/craw-data/scores/BVU/2025.json
BVU,7340101C2,"Quản trị kinh doanh (Quản trị kinh doanh bất động sản - Chương trình chuẩn, ngoại ngữ tiếng Anh)",7340101,2025,https://github.com/kbaoooo/vn_schools_scores_data/blob/main/craw-data/scores/BVU/2025.json
BVU,7340101C3,"Quản trị kinh doanh (Quản trị nhân sự - Chương trình chuẩn, ngoại ngữ tiếng Anh)",7340101,2025,https://github.com/kbaoooo/vn_schools_scores_data/blob/main/craw-data/scores/BVU/2025.json
BVU,7340101C4,"Quản trị kinh doanh (Quản trị sự kiện và dịch vụ giải trí - Chương trình chuẩn, ngoại ngữ tiếng Anh)",7340101,2025,https://github.com/kbaoooo/vn_schools_scores_data/blob/main/craw-data/scores/BVU/2025.json
BVU,7340101C5,"Quản trị kinh doanh (Quản trị khởi nghiệp - Chương trình chuẩn, ngoại ngữ tiếng Anh)",7340101,2025,https://github.com/kbaoooo/vn_schools_scores_data/blob/main/craw-data/scores/BVU/2025.json
BVU,7340101CT,Quản trị kinh doanh (Chương trình chuẩn nhận hai bằng cử nhân và thạc sĩ),7340101,2025,https://github.com/kbaoooo/vn_schools_scores_data/blob/main/craw-data/scores/BVU/2025.json
BVU,7340101QA,Quản trị kinh doanh & Ngôn ngữ Anh (Chương trình chuẩn nhận cùng lúc hai bằng cử nhân),7340101,2025,https://github.com/kbaoooo/vn_schools_scores_data/blob/main/craw-data/scores/BVU/2025.json
BVU,7340101QL,Quản trị kinh doanh & Luật (Chương trình chuẩn nhận cùng lúc hai bằng cử nhân),7340101,2025,https://github.com/kbaoooo/vn_schools_scores_data/blob/main/craw-data/scores/BVU/2025.json
BVU,7340115,Marketing,7340115,2025,https://github.com/kbaoooo/vn_schools_scores_data/blob/main/craw-data/scores/BVU/2025.json
BVU,7340115C1,"Marketing (Marketing và tổ chức sự kiện - Chương trình chuẩn, ngoại ngữ tiếng Anh)",7340115,2025,https://github.com/kbaoooo/vn_schools_scores_data/blob/main/craw-data/scores/BVU/2025.json
BVU,7340115C2,"Marketing (Marketing thương mại - Chương trình chuẩn, ngoại ngữ tiếng Anh)",7340115,2025,https://github.com/kbaoooo/vn_schools_scores_data/blob/main/craw-data/scores/BVU/2025.json
BVU,7340115C3,"Marketing (Digital marketing - Chương trình chuẩn, ngoại ngữ tiếng Anh)",7340115,2025,https://github.com/kbaoooo/vn_schools_scores_data/blob/main/craw-data/scores/BVU/2025.json
BVU,7340115C4,"Marketing (Marketing và truyền thông - Chương trình chuẩn, ngoại ngữ tiếng Anh)",7340115,2025,https://github.com/kbaoooo/vn_schools_scores_data/blob/main/craw-data/scores/BVU/2025.json
BVU,7340120,Kinh doanh quốc tế,7340120,2025,https://github.com/kbaoooo/vn_schools_scores_data/blob/main/craw-data/scores/BVU/2025.json
BVU,7340120C1,"Kinh doanh quốc tế (Kinh doanh số - Chương trình chuẩn, ngoại ngữ tiếng Anh)",7340120,2025,https://github.com/kbaoooo/vn_schools_scores_data/blob/main/craw-data/scores/BVU/2025.json
BVU,7340120KL,Kinh doanh quốc tế & Luật (Chương trình chuẩn nhận cùng lúc hai bằng cử nhân),7340120,2025,https://github.com/kbaoooo/vn_schools_scores_data/blob/main/craw-data/scores/BVU/2025.json
BVU,7340122,Thương mại điện tử,7340122,2025,https://github.com/kbaoooo/vn_schools_scores_data/blob/main/craw-data/scores/BVU/2025.json
BVU,7340201,Tài chính - Ngân hàng,7340201,2025,https://github.com/kbaoooo/vn_schools_scores_data/blob/main/craw-data/scores/BVU/2025.json
BVU,7340201C1,"Tài chính - Ngân hàng (Tài chính doanh nghiệp - Chương trình chuẩn, ngoại ngữ tiếng Anh)",7340201,2025,https://github.com/kbaoooo/vn_schools_scores_data/blob/main/craw-data/scores/BVU/2025.json
BVU,7340201C2,"Tài chính - Ngân hàng (Đầu tư tài chính - Chương trình chuẩn, ngoại ngữ tiếng Anh)",7340201,2025,https://github.com/kbaoooo/vn_schools_scores_data/blob/main/craw-data/scores/BVU/2025.json
BVU,7340201TL,Tài chính ngân hàng & Luật (Chương trình chuẩn nhận cùng lúc hai bằng cử nhân),7340201,2025,https://github.com/kbaoooo/vn_schools_scores_data/blob/main/craw-data/scores/BVU/2025.json
BVU,7340301,Kế toán,7340301,2025,https://github.com/kbaoooo/vn_schools_scores_data/blob/main/craw-data/scores/BVU/2025.json
BVU,7340301C1,"Kế toán (Kế toán tài chính - Chương trình chuẩn, ngoại ngữ tiếng Anh)",7340301,2025,https://github.com/kbaoooo/vn_schools_scores_data/blob/main/craw-data/scores/BVU/2025.json
BVU,7340301C2,"Kế toán (Kế toán kiểm toán - Chương trình chuẩn, ngoại ngữ tiếng Anh)",7340301,2025,https://github.com/kbaoooo/vn_schools_scores_data/blob/main/craw-data/scores/BVU/2025.json
BVU,7340301C3,"Kế toán (Kế toán quốc tế - Chương trình chuẩn, ngoại ngữ tiếng Anh)",7340301,2025,https://github.com/kbaoooo/vn_schools_scores_data/blob/main/craw-data/scores/BVU/2025.json
BVU,7340301KL,Kế toán & Luật (Chương trình chuẩn nhận cùng lúc hai bằng cử nhân),7340301,2025,https://github.com/kbaoooo/vn_schools_scores_data/blob/main/craw-data/scores/BVU/2025.json
BVU,7340301TN,"Kế toán (Chương trình chuẩn, học song ngữ Việt - Anh)",7340301,2025,https://github.com/kbaoooo/vn_schools_scores_data/blob/main/craw-data/scores/BVU/2025.json
BVU,7380101,Luật,7380101,2025,https://github.com/kbaoooo/vn_schools_scores_data/blob/main/craw-data/scores/BVU/2025.json
BVU,7380101C1,"Luật (Luật kinh tế và dân sự - Chương trình chuẩn, ngoại ngữ tiếng Anh)",7380101,2025,https://github.com/kbaoooo/vn_schools_scores_data/blob/main/craw-data/scores/BVU/2025.json
BVU,7380101LA,Luật & Ngôn ngữ Anh (Chương trình chuẩn nhận cùng lúc hai bằng cử nhân),7380101,2025,https://github.com/kbaoooo/vn_schools_scores_data/blob/main/craw-data/scores/BVU/2025.json
BVU,7480201,Công nghệ thông tin,7480201,2025,https://github.com/kbaoooo/vn_schools_scores_data/blob/main/craw-data/scores/BVU/2025.json
BVU,7480201C1,"Công nghệ thông tin (Kỹ thuật phần mềm - Chương trình chuẩn, ngoại ngữ tiếng Anh)",7480201,2025,https://github.com/kbaoooo/vn_schools_scores_data/blob/main/craw-data/scores/BVU/2025.json
BVU,7480201C2,"Công nghệ thông tin (Lập trình ứng dụng di động và game - Chương trình chuẩn, ngoại ngữ tiếng Anh)",7480201,2025,https://github.com/kbaoooo/vn_schools_scores_data/blob/main/craw-data/scores/BVU/2025.json
BVU,7480201C3,"Công nghệ thông tin (Quản trị mạng và an toàn thông tin - Chương trình chuẩn, ngoại ngữ tiếng Anh)",7480201,2025,https://github.com/kbaoooo/vn_schools_scores_data/blob/main/craw-data/scores/BVU/2025.json
BVU,7480201CT,Công nghệ thông tin (Chương trình chuẩn nhận hai bằng cử nhân và thạc sĩ),7480201,2025,https://github.com/kbaoooo/vn_schools_scores_data/blob/main/craw-data/scores/BVU/2025.json
BVU,7510102,"Công nghệ kỹ thuật công trình xây dựng (Chương trình chuẩn, ngoại ngữ tiếng Anh)",7510102,2025,https://github.com/kbaoooo/vn_schools_scores_data/blob/main/craw-data/scores/BVU/2025.json
BVU,7510102NB,"Công nghệ kỹ thuật công trình xây dựng (Chương trình chuẩn, ngoại ngữ tiếng Nhật)",7510102,2025,https://github.com/kbaoooo/vn_schools_scores_data/blob/main/craw-data/scores/BVU/2025.json
BVU,7510201,"Công nghệ kỹ thuật cơ khí (Chương trình chuẩn, ngoại ngữ tiếng Anh)",7510201,2025,https://github.com/kbaoooo/vn_schools_scores_data/blob/main/craw-data/scores/BVU/2025.json
BVU,7510201C1,"Công nghệ kỹ thuật cơ khí (Kỹ thuật Robot và Cơ điện tử - Chương trình chuẩn, ngoại ngữ tiếng Anh)",7510201,2025,https://github.com/kbaoooo/vn_schools_scores_data/blob/main/craw-data/scores/BVU/2025.json
BVU,7510201NB,"Công nghệ kỹ thuật cơ khí (Chương trình chuẩn, ngoại ngữ tiếng Nhật)",7510201,2025,https://github.com/kbaoooo/vn_schools_scores_data/blob/main/craw-data/scores/BVU/2025.json
BVU,7510205,"Công nghệ kỹ thuật ô tô (Chương trình chuẩn, ngoại ngữ tiếng Anh)",7510205,2025,https://github.com/kbaoooo/vn_schools_scores_data/blob/main/craw-data/scores/BVU/2025.json
BVU,7510205C1,"Công nghệ kỹ thuật ô tô (Công nghệ kỹ thuật ô tô điện - Chương trình chuẩn, ngoại ngữ tiếng Anh)",7510205,2025,https://github.com/kbaoooo/vn_schools_scores_data/blob/main/craw-data/scores/BVU/2025.json
BVU,7510205NB,"Công nghệ kỹ thuật ô tô (Chương trình chuẩn, ngoại ngữ tiếng Nhật)",7510205,2025,https://github.com/kbaoooo/vn_schools_scores_data/blob/main/craw-data/scores/BVU/2025.json
BVU,7510301,"Công nghệ kỹ thuật điện, điện tử (Chương trình chuẩn, ngoại ngữ tiếng Anh)",7510301,2025,https://github.com/kbaoooo/vn_schools_scores_data/blob/main/craw-data/scores/BVU/2025.json
BVU,7510301C1,"Công nghệ kỹ thuật điện, điện tử (Kỹ thuật điện - Chương trình chuẩn, ngoại ngữ tiếng Anh)",7510301,2025,https://github.com/kbaoooo/vn_schools_scores_data/blob/main/craw-data/scores/BVU/2025.json
BVU,7510301C2,"Công nghệ kỹ thuật điện, điện tử (Điều khiển và tự động hóa - Chương trình chuẩn, ngoại ngữ tiếng Anh)",7510301,2025,https://github.com/kbaoooo/vn_schools_scores_data/blob/main/craw-data/scores/BVU/2025.json
BVU,7510301NB,"Công nghệ kỹ thuật điện, điện tử (Chương trình chuẩn, ngoại ngữ tiếng Nhật)",7510301,2025,https://github.com/kbaoooo/vn_schools_scores_data/blob/main/craw-data/scores/BVU/2025.json
BVU,7510605,"Logistics và Quản lý chuỗi cung ứng (Chương trình chuẩn, ngoại ngữ tiếng Anh)",7510605,2025,https://github.com/kbaoooo/vn_schools_scores_data/blob/main/craw-data/scores/BVU/2025.json
BVU,7510605C1,"Logistics và Quản lý chuỗi cung ứng (Logistics cảng biển - Xuất nhập khẩu - Giao nhận vận tải quốc tế - Chương trình chuẩn, ngoại ngữ tiếng Anh)",7510605,2025,https://github.com/kbaoooo/vn_schools_scores_data/blob/main/craw-data/scores/BVU/2025.json
BVU,7510605C2,"Logistics và Quản lý chuỗi cung ứng (Logistics cảng hàng không - Xuất nhập khẩu - Giao nhận vận tải quốc tế - Chương trình chuẩn, ngoại ngữ tiếng Anh)",7510605,2025,https://github.com/kbaoooo/vn_schools_scores_data/blob/main/craw-data/scores/BVU/2025.json
BVU,7510605CT1,Logistics và Quản lý chuỗi cung ứng (Chương trình chuẩn nhận hai bằng cử nhân và thạc sĩ),7510605,2025,https://github.com/kbaoooo/vn_schools_scores_data/blob/main/craw-data/scores/BVU/2025.json
BVU,7510605CT2,Logistics và Quản lý chuỗi cung ứng (Quản lý Logistics cảng biển - XNK - Giao nhận vận tải quốc tế - Chương trình chuẩn nhận hai bằng cử nhân và thạc sĩ),7510605,2025,https://github.com/kbaoooo/vn_schools_scores_data/blob/main/craw-data/scores/BVU/2025.json
BVU,7510605CT3,Logistics và quản lý chuỗi cung ứng (Quản lý Logistics cảng hàng không - XNK - Giao nhận vận tải quốc tế - Chương trình chuẩn nhận hai bằng cử nhân và thạc sĩ),7510605,2025,https://github.com/kbaoooo/vn_schools_scores_data/blob/main/craw-data/scores/BVU/2025.json
BVU,7510605LA,Logistics và Quản lý chuỗi cung ứng & Ngôn ngữ Anh (Chương trình chuẩn nhận cùng lúc hai bằng cử nhân),7510605,2025,https://github.com/kbaoooo/vn_schools_scores_data/blob/main/craw-data/scores/BVU/2025.json
BVU,7510605NB,"Logistics và Quản lý chuỗi cung ứng (Chương trình chuẩn, ngoại ngữ tiếng Nhật)",7510605,2025,https://github.com/kbaoooo/vn_schools_scores_data/blob/main/craw-data/scores/BVU/2025.json
BVU,7510605TN,"Logistics và Quản lý chuỗi cung ứng (Chương trình chuẩn, học song ngữ Việt - Anh)",7510605,2025,https://github.com/kbaoooo/vn_schools_scores_data/blob/main/craw-data/scores/BVU/2025.json
BVU,7720201,Dược học,7720201,2025,https://github.com/kbaoooo/vn_schools_scores_data/blob/main/craw-data/scores/BVU/2025.json
BVU,7720301,Điều dưỡng,7720301,2025,https://github.com/kbaoooo/vn_schools_scores_data/blob/main/craw-data/scores/BVU/2025.json
BVU,7720301NB,"Điều dưỡng (Chương trình chuẩn, ngoại ngữ tiếng Nhật)",7720301,2025,https://github.com/kbaoooo/vn_schools_scores_data/blob/main/craw-data/scores/BVU/2025.json
BVU,7810103,Quản trị dịch vụ du lịch và lữ hành,7810103,2025,https://github.com/kbaoooo/vn_schools_scores_data/blob/main/craw-data/scores/BVU/2025.json
BVU,7810103C1,"Quản trị dịch vụ du lịch và lữ hành (Quản trị du lịch - nhà hàng - khách sạn - Chương trình chuẩn, ngoại ngữ tiếng Anh)",7810103,2025,https://github.com/kbaoooo/vn_schools_scores_data/blob/main/craw-data/scores/BVU/2025.json
BVU,7810103DA,Quản trị dịch vụ du lịch và lữ hành & Ngôn ngữ Anh (Chương trình chuẩn nhận cùng lúc hai bằng cử nhân),7810103,2025,https://github.com/kbaoooo/vn_schools_scores_data/blob/main/craw-data/scores/BVU/2025.json
BVU,7810103NB,"Quản trị dịch vụ du lịch và lữ hành (Chương trình chuẩn, ngoại ngữ tiếng Nhật)",7810103,2025,https://github.com/kbaoooo/vn_schools_scores_data/blob/main/craw-data/scores/BVU/2025.json
BVU,7810201,Quản trị khách sạn,7810201,2025,https://github.com/kbaoooo/vn_schools_scores_data/blob/main/craw-data/scores/BVU/2025.json
BVU,7810201C1,"Quản trị khách sạn (Quản trị nhà hàng - khách sạn và dịch vụ ăn uống - Chương trình chuẩn, ngoại ngữ tiếng Anh)",7810201,2025,https://github.com/kbaoooo/vn_schools_scores_data/blob/main/craw-data/scores/BVU/2025.json
BVU,7810201NB,"Quản trị khách sạn (Chương trình chuẩn, ngoại ngữ tiếng Nhật)",7810201,2025,https://github.com/kbaoooo/vn_schools_scores_data/blob/main/craw-data/scores/BVU/2025.json
BVU,7810201QA,Quản trị khách sạn & Ngôn ngữ Anh (Chương trình chuẩn nhận cùng lúc hai bằng cử nhân),7810201,2025,https://github.com/kbaoooo/vn_schools_scores_data/blob/main/craw-data/scores/BVU/2025.json
BVU,7840101,"Khai thác vận tải (Chương trình chuẩn, ngoại ngữ tiếng Anh)",7840101,2025,https://github.com/kbaoooo/vn_schools_scores_data/blob/main/craw-data/scores/BVU/2025.json
BVU,7840101C1,"Khai thác vận tải (Quản trị Logistics và vận tải đa phương thức - Chương trình chuẩn, ngoại ngữ tiếng Anh)",7840101,2025,https://github.com/kbaoooo/vn_schools_scores_data/blob/main/craw-data/scores/BVU/2025.json
BVU,7840101C2,"Khai thác vận tải (Quản lý và kinh doanh vận tải - Chương trình chuẩn, ngoại ngữ tiếng Anh)",7840101,2025,https://github.com/kbaoooo/vn_schools_scores_data/blob/main/craw-data/scores/BVU/2025.json
BVU,7840104,Kinh tế vận tải,7840104,2025,https://github.com/kbaoooo/vn_schools_scores_data/blob/main/craw-data/scores/BVU/2025.json
BVU,7840104C1,"Kinh tế vận tải (Kinh tế vận tải biển - Chương trình chuẩn, ngoại ngữ tiếng Anh)",7840104,2025,https://github.com/kbaoooo/vn_schools_scores_data/blob/main/craw-data/scores/BVU/2025.json
BVU,7840104C2,"Kinh tế vận tải (Kinh tế vận tải hàng không - Chương trình chuẩn, ngoại ngữ tiếng Anh)",7840104,2025,https://github.com/kbaoooo/vn_schools_scores_data/blob/main/craw-data/scores/BVU/2025.json
CCM,7210403,Thiết kế đồ họa,7210403,2025,https://github.com/kbaoooo/vn_schools_scores_data/blob/main/craw-data/scores/CCM/2025.json
CCM,7210404,Thiết kế thời trang,7210404,2025,https://github.com/kbaoooo/vn_schools_scores_data/blob/main/craw-data/scores/CCM/2025.json
CCM,7340101,Quản trị kinh doanh,7340101,2025,https://github.com/kbaoooo/vn_schools_scores_data/blob/main/craw-data/scores/CCM/2025.json
CCM,7340115,Marketing,7340115,2025,https://github.com/kbaoooo/vn_schools_scores_data/blob/main/craw-data/scores/CCM/2025.json
CCM,7340122,Thương mại điện tử,7340122,2025,https://github.com/kbaoooo/vn_schools_scores_data/blob/main/craw-data/scores/CCM/2025.json
CCM,7340301,Kế toán,7340301,2025,https://github.com/kbaoooo/vn_schools_scores_data/blob/main/craw-data/scores/CCM/2025.json
CCM,7510201,Công nghệ kỹ thuật cơ khí,7510201,2025,https://github.com/kbaoooo/vn_schools_scores_data/blob/main/craw-data/scores/CCM/2025.json
CCM,7510301,"Công nghệ kỹ thuật điện, điện tử",7510301,2025,https://github.com/kbaoooo/vn_schools_scores_data/blob/main/craw-data/scores/CCM/2025.json
CCM,7510601,Quản lý công nghiệp,7510601,2025,https://github.com/kbaoooo/vn_schools_scores_data/blob/main/craw-data/scores/CCM/2025.json
CCM,7540202,Công nghệ Sợi Dệt,7540202,2025,https://github.com/kbaoooo/vn_schools_scores_data/blob/main/craw-data/scores/CCM/2025.json
CCM,7540209,Công nghệ may,7540209,2025,https://github.com/kbaoooo/vn_schools_scores_data/blob/main/craw-data/scores/CCM/2025.json
CEA,7220201,Ngôn ngữ Anh,7220201,2025,https://github.com/kbaoooo/vn_schools_scores_data/blob/main/craw-data/scores/CEA/2025.json
CEA,7220204,Ngôn ngữ Trung,7220204,2025,https://github.com/kbaoooo/vn_schools_scores_data/blob/main/craw-data/scores/CEA/2025.json
CEA,7310101,Kinh tế,7310101,2025,https://github.com/kbaoooo/vn_schools_scores_data/blob/main/craw-data/scores/CEA/2025.json
CEA,7340101,Quản trị kinh doanh,7340101,2025,https://github.com/kbaoooo/vn_schools_scores_data/blob/main/craw-data/scores/CEA/2025.json
CEA,7340115,Marketing,7340115,2025,https://github.com/kbaoooo/vn_schools_scores_data/blob/main/craw-data/scores/CEA/2025.json
CEA,7340122,Thương mại điện tử,7340122,2025,https://github.com/kbaoooo/vn_schools_scores_data/blob/main/craw-data/scores/CEA/2025.json
CEA,7340201,Tài chính - Ngân hàng,7340201,2025,https://github.com/kbaoooo/vn_schools_scores_data/blob/main/craw-data/scores/CEA/2025.json
CEA,7340205,Công nghệ tài chính,7340205,2025,https://github.com/kbaoooo/vn_schools_scores_data/blob/main/craw-data/scores/CEA/2025.json
CEA,7340301,Kế toán,7340301,2025,https://github.com/kbaoooo/vn_schools_scores_data/blob/main/craw-data/scores/CEA/2025.json
CEA,7340302,Kiểm toán,7340302,2025,https://github.com/kbaoooo/vn_schools_scores_data/blob/main/craw-data/scores/CEA/2025.json
CEA,7480201,Công nghệ thông tin,7480201,2025,https://github.com/kbaoooo/vn_schools_scores_data/blob/main/craw-data/scores/CEA/2025.json
CEA,7510605,Logistics và chuỗi cung ứng,7510605,2025,https://github.com/kbaoooo/vn_schools_scores_data/blob/main/craw-data/scores/CEA/2025.json
CEA,7620101,Nông nghiệp,7620101,2025,https://github.com/kbaoooo/vn_schools_scores_data/blob/main/craw-data/scores/CEA/2025.json
CEA,7620201,Lâm học,7620201,2025,https://github.com/kbaoooo/vn_schools_scores_data/blob/main/craw-data/scores/CEA/2025.json
CEA,7640101,Thúy (Bác sĩ Thú y),7640101,2025,https://github.com/kbaoooo/vn_schools_scores_data/blob/main/craw-data/scores/CEA/2025.json
CEA,7850103,Quản lý đất đai,7850103,2025,https://github.com/kbaoooo/vn_schools_scores_data/blob/main/craw-data/scores/CEA/2025.json
CMC,AI,Trí tuệ Nhân tạo,,2025,https://github.com/kbaoooo/vn_schools_scores_data/blob/main/craw-data/scores/CMC/2025.json
CMC,BA,Quản trị Kinh doanh,,2025,https://github.com/kbaoooo/vn_schools_scores_data/blob/main/craw-data/scores/CMC/2025.json
CMC,CL,Ngôn ngữ Trung Quốc,,2025,https://github.com/kbaoooo/vn_schools_scores_data/blob/main/craw-data/scores/CMC/2025.json
CMC,CS,Khoa học Máy tính,,2025,https://github.com/kbaoooo/vn_schools_scores_data/blob/main/craw-data/scores/CMC/2025.json
CMC,EC,Thương mại điện tử,,2025,https://github.com/kbaoooo/vn_schools_scores_data/blob/main/craw-data/scores/CMC/2025.json
CMC,ET,Công nghệ Kỹ thuật Điện tử - Viễn thông (IC Design),,2025,https://github.com/kbaoooo/vn_schools_scores_data/blob/main/craw-data/scores/CMC/2025.json
CMC,GA,Đồ họa game,,2025,https://github.com/kbaoooo/vn_schools_scores_data/blob/main/craw-data/scores/CMC/2025.json
CMC,GD,Thiết kế Đồ họa,,2025,https://github.com/kbaoooo/vn_schools_scores_data/blob/main/craw-data/scores/CMC/2025.json
CMC,IT,Công nghệ Thông tin,,2025,https://github.com/kbaoooo/vn_schools_scores_data/blob/main/craw-data/scores/CMC/2025.json
CMC,JL,Tiếng Nhật thương mại,,2025,https://github.com/kbaoooo/vn_schools_scores_data/blob/main/craw-data/scores/CMC/2025.json
CMC,KL,Ngôn ngữ Hàn Quốc,,2025,https://github.com/kbaoooo/vn_schools_scores_data/blob/main/craw-data/scores/CMC/2025.json
CMC,LS,Logistics và Quản lý chuỗi cung ứng,,2025,https://github.com/kbaoooo/vn_schools_scores_data/blob/main/craw-data/scores/CMC/2025.json
CMC,MK,Digital Marketing,,2025,https://github.com/kbaoooo/vn_schools_scores_data/blob/main/craw-data/scores/CMC/2025.json
CMC,SE,Kỹ thuật Phần mềm,,2025,https://github.com/kbaoooo/vn_schools_scores_data/blob/main/craw-data/scores/CMC/2025.json
CSH,7860100_Nam_1,"Nhóm ngành nghiệp vụ Cảnh sát (Thí sinh Nam, vùng 1)",7860100,2025,https://github.com/kbaoooo/vn_schools_scores_data/blob/main/craw-data/scores/CSH/2025.json
CSH,7860100_Nam_2,"Nhóm ngành nghiệp vụ Cảnh sát (Thí sinh Nam, vùng 2)",7860100,2025,https://github.com/kbaoooo/vn_schools_scores_data/blob/main/craw-data/scores/CSH/2025.json
CSH,7860100_Nam_3,"Nhóm ngành nghiệp vụ Cảnh sát (Thí sinh Nam, vùng 3)",7860100,2025,https://github.com/kbaoooo/vn_schools_scores_data/blob/main/craw-data/scores/CSH/2025.json
CSH,7860100_Nam_8,"Nhóm ngành nghiệp vụ Cảnh sát (Thí sinh Nam, vùng 8)",7860100,2025,https://github.com/kbaoooo/vn_schools_scores_data/blob/main/craw-data/scores/CSH/2025.json
CSH,7860100_Nu_1,"Nhóm ngành nghiệp vụ Cảnh sát (Thí sinh Nữ, vùng 1)",7860100,2025,https://github.com/kbaoooo/vn_schools_scores_data/blob/main/craw-data/scores/CSH/2025.json
CSH,7860100_Nu_2,"Nhóm ngành nghiệp vụ Cảnh sát (Thí sinh Nữ, vùng 2)",7860100,2025,https://github.com/kbaoooo/vn_schools_scores_data/blob/main/craw-data/scores/CSH/2025.json
CSH,7860100_Nu_3,"Nhóm ngành nghiệp vụ Cảnh sát (Thí sinh Nữ, vùng 3)",7860100,2025,https://github.com/kbaoooo/vn_schools_scores_data/blob/main/craw-data/scores/CSH/2025.json
CSH,7860100_Nu_8,"Nhóm ngành nghiệp vụ Cảnh sát (Thí sinh Nữ, vùng 8)",7860100,2025,https://github.com/kbaoooo/vn_schools_scores_data/blob/main/craw-data/scores/CSH/2025.json
CSS,7860100_Nam_4,"Nhóm ngành nghiệp vụ Cảnh sát (Thí sinh Nam, vùng 4)",7860100,2025,https://github.com/kbaoooo/vn_schools_scores_data/blob/main/craw-data/scores/CSS/2025.json
CSS,7860100_Nam_5,"Nhóm ngành nghiệp vụ Cảnh sát (Thí sinh Nam, vùng 5)",7860100,2025,https://github.com/kbaoooo/vn_schools_scores_data/blob/main/craw-data/scores/CSS/2025.json
CSS,7860100_Nam_6,"Nhóm ngành nghiệp vụ Cảnh sát (Thí sinh Nam, vùng 6)",7860100,2025,https://github.com/kbaoooo/vn_schools_scores_data/blob/main/craw-data/scores/CSS/2025.json
CSS,7860100_Nam_7,"Nhóm ngành nghiệp vụ Cảnh sát (Thí sinh Nam, vùng 7)",7860100,2025,https://github.com/kbaoooo/vn_schools_scores_data/blob/main/craw-data/scores/CSS/2025.json
CSS,7860100_Nam_8,"Nhóm ngành nghiệp vụ Cảnh sát (Thí sinh Nam, vùng 8)",7860100,2025,https://github.com/kbaoooo/vn_schools_scores_data/blob/main/craw-data/scores/CSS/2025.json
CSS,7860100_Nữ_4,"Nhóm ngành nghiệp vụ Cảnh sát (Thí sinh Nữ, vùng 4)",7860100,2025,https://github.com/kbaoooo/vn_schools_scores_data/blob/main/craw-data/scores/CSS/2025.json
CSS,7860100_Nữ_5,"Nhóm ngành nghiệp vụ Cảnh sát (Thí sinh Nữ, vùng 5)",7860100,2025,https://github.com/kbaoooo/vn_schools_scores_data/blob/main/craw-data/scores/CSS/2025.json
CSS,7860100_Nữ_6,"Nhóm ngành nghiệp vụ Cảnh sát (Thí sinh Nữ, vùng 6)",7860100,2025,https://github.com/kbaoooo/vn_schools_scores_data/blob/main/craw-data/scores/CSS/2025.json
CSS,7860100_Nữ_7,"Nhóm ngành nghiệp vụ Cảnh sát (Thí sinh Nữ, vùng 7)",7860100,2025,https://github.com/kbaoooo/vn_schools_scores_data/blob/main/craw-data/scores/CSS/2025.json
CSS,7860100_Nữ_8,"Nhóm ngành nghiệp vụ Cảnh sát (Thí sinh Nữ, vùng 8)",7860100,2025,https://github.com/kbaoooo/vn_schools_scores_data/blob/main/craw-data/scores/CSS/2025.json
DAD,7210104,Đồ họa,7210104,2025,https://github.com/kbaoooo/vn_schools_scores_data/blob/main/craw-data/scores/DAD/2025.json
DAD,7210404,Thiết kế thời trang,7210404,2025,https://github.com/kbaoooo/vn_schools_scores_data/blob/main/craw-data/scores/DAD/2025.json
DAD,7220201,Ngôn ngữ Anh,7220201,2025,https://github.com/kbaoooo/vn_schools_scores_data/blob/main/craw-data/scores/DAD/2025.json
DAD,7220204,Ngôn ngữ Trung Quốc,7220204,2025,https://github.com/kbaoooo/vn_schools_scores_data/blob/main/craw-data/scores/DAD/2025.json
DAD,7220209,Ngôn ngữ Nhật,7220209,2025,https://github.com/kbaoooo/vn_schools_scores_data/blob/main/craw-data/scores/DAD/2025.json
DAD,7220210,Ngôn ngữ Hàn Quốc,7220210,2025,https://github.com/kbaoooo/vn_schools_scores_data/blob/main/craw-data/scores/DAD/2025.json
DAD,7229030,Văn học (Ứng dụng),7229030,2025,https://github.com/kbaoooo/vn_schools_scores_data/blob/main/craw-data/scores/DAD/2025.json
DAD,7229042,Quản lý văn hóa,7229042,2025,https://github.com/kbaoooo/vn_schools_scores_data/blob/main/craw-data/scores/DAD/2025.json
DAD,7310401,Tâm lý học,7310401,2025,https://github.com/kbaoooo/vn_schools_scores_data/blob/main/craw-data/scores/DAD/2025.json
DAD,7320104,Truyền thông đa phương tiện,7320104,2025,https://github.com/kbaoooo/vn_schools_scores_data/blob/main/craw-data/scores/DAD/2025.json
DAD,7340101,Quản trị kinh doanh,7340101,2025,https://github.com/kbaoooo/vn_schools_scores_data/blob/main/craw-data/scores/DAD/2025.json
DAD,7340115,Marketing/ Digital marketing,7340115,2025,https://github.com/kbaoooo/vn_schools_scores_data/blob/main/craw-data/scores/DAD/2025.json
DAD,7340115,Digital Marketing,7340115,2025,https://github.com/kbaoooo/vn_schools_scores_data/blob/main/craw-data/scores/DAD/2025.json
DAD,7340120,Kinh doanh quốc tế,7340120,2025,https://github.com/kbaoooo/vn_schools_scores_data/blob/main/craw-data/scores/DAD/2025.json
DAD,7340122,Thương mại điện tử,7340122,2025,https://github.com/kbaoooo/vn_schools_scores_data/blob/main/craw-data/scores/DAD/2025.json
DAD,7340201,Tài chính - Ngân hàng,7340201,2025,https://github.com/kbaoooo/vn_schools_scores_data/blob/main/craw-data/scores/DAD/2025.json
DAD,7340301,Kế toán,7340301,2025,https://github.com/kbaoooo/vn_schools_scores_data/blob/main/craw-data/scores/DAD/2025.json
DAD,7340404,Quản trị nhân lực,7340404,2025,https://github.com/kbaoooo/vn_schools_scores_data/blob/main/craw-data/scores/DAD/2025.json
DAD,7340406,Quản trị văn phòng,7340406,2025,https://github.com/kbaoooo/vn_schools_scores_data/blob/main/craw-data/scores/DAD/2025.json
DAD,7380101,Luật,7380101,2025,https://github.com/kbaoooo/vn_schools_scores_data/blob/main/craw-data/scores/DAD/2025.json
DAD,7380107,Luật kinh tế,7380107,2025,https://github.com/kbaoooo/vn_schools_scores_data/blob/main/craw-data/scores/DAD/2025.json
DAD,7480106,Kỹ thuật máy tính,7480106,2025,https://github.com/kbaoooo/vn_schools_scores_data/blob/main/craw-data/scores/DAD/2025.json
DAD,7480201,Công nghệ thông tin,7480201,2025,https://github.com/kbaoooo/vn_schools_scores_data/blob/main/craw-data/scores/DAD/2025.json
DAD,7480207,Trí tuệ nhân tạo,7480207,2025,https://github.com/kbaoooo/vn_schools_scores_data/blob/main/craw-data/scores/DAD/2025.json
DAD,7510103,Công nghệ kỹ thuật xây dựng,7510103,2025,https://github.com/kbaoooo/vn_schools_scores_data/blob/main/craw-data/scores/DAD/2025.json
DAD,7510205,Công nghệ kỹ thuật ô tô,7510205,2025,https://github.com/kbaoooo/vn_schools_scores_data/blob/main/craw-data/scores/DAD/2025.json
DAD,7510205,Công nghệ kỹ thuật Ô tô,7510205,2025,https://github.com/kbaoooo/vn_schools_scores_data/blob/main/craw-data/scores/DAD/2025.json
DAD,7510301,Công nghệ kỹ thuật Điện - Điện tử,7510301,2025,https://github.com/kbaoooo/vn_schools_scores_data/blob/main/craw-data/scores/DAD/2025.json
DAD,7510301,Công nghệ kỹ thuật điện; điện tử,7510301,2025,https://github.com/kbaoooo/vn_schools_scores_data/blob/main/craw-data/scores/DAD/2025.json
DAD,7510303,Công nghệ kỹ thuật điều khiển và tự động hóa,7510303,2025,https://github.com/kbaoooo/vn_schools_scores_data/blob/main/craw-data/scores/DAD/2025.json
DAD,7510605,Logistics và quản lý chuỗi cung ứng,7510605,2025,https://github.com/kbaoooo/vn_schools_scores_data/blob/main/craw-data/scores/DAD/2025.json
DAD,7520114,Kỹ thuật Cơ điện tử,7520114,2025,https://github.com/kbaoooo/vn_schools_scores_data/blob/main/craw-data/scores/DAD/2025.json
DAD,7540101,Công nghệ thực phẩm,7540101,2025,https://github.com/kbaoooo/vn_schools_scores_data/blob/main/craw-data/scores/DAD/2025.json
DAD,7620101,Nông nghiệp,7620101,2025,https://github.com/kbaoooo/vn_schools_scores_data/blob/main/craw-data/scores/DAD/2025.json
DAD,7640101,Thú y,7640101,2025,https://github.com/kbaoooo/vn_schools_scores_data/blob/main/craw-data/scores/DAD/2025.json
DAD,7720101,Y khoa,7720101,2025,https://github.com/kbaoooo/vn_schools_scores_data/blob/main/craw-data/scores/DAD/2025.json
DAD,7720201,Dược học,7720201,2025,https://github.com/kbaoooo/vn_schools_scores_data/blob/main/craw-data/scores/DAD/2025.json
DAD,7720301,Điều dưỡng,7720301,2025,https://github.com/kbaoooo/vn_schools_scores_data/blob/main/craw-data/scores/DAD/2025.json
DAD,7720302,Hộ sinh,7720302,2025,https://github.com/kbaoooo/vn_schools_scores_data/blob/main/craw-data/scores/DAD/2025.json
DAD,7720401,Dinh dưỡng,7720401,2025,https://github.com/kbaoooo/vn_schools_scores_data/blob/main/craw-data/scores/DAD/2025.json
DAD,7720603,Kỹ thuật phục hồi chức năng,7720603,2025,https://github.com/kbaoooo/vn_schools_scores_data/blob/main/craw-data/scores/DAD/2025.json
DAD,7810103,Quản trị DV Du lịch và Lữ hành,7810103,2025,https://github.com/kbaoooo/vn_schools_scores_data/blob/main/craw-data/scores/DAD/2025.json
DAD,7810103,Quản trị dịch vụ du lịch và lữ hành,7810103,2025,https://github.com/kbaoooo/vn_schools_scores_data/blob/main/craw-data/scores/DAD/2025.json
DAD,7810201,Quản trị khách sạn,7810201,2025,https://github.com/kbaoooo/vn_schools_scores_data/blob/main/craw-data/scores/DAD/2025.json
DAD,7810202,Quản trị nhà hàng và dịch vụ ăn uống,7810202,2025,https://github.com/kbaoooo/vn_schools_scores_data/blob/main/craw-data/scores/DAD/2025.json
DBD,7220201,Ngôn ngữ Anh,7220201,2025,https://github.com/kbaoooo/vn_schools_scores_data/blob/main/craw-data/scores/DBD/2025.json
DBD,7310301,Xã hội học,7310301,2025,https://github.com/kbaoooo/vn_schools_scores_data/blob/main/craw-data/scores/DBD/2025.json
DBD,7310614,Hàn Quốc học,7310614,2025,https://github.com/kbaoooo/vn_schools_scores_data/blob/main/craw-data/scores/DBD/2025.json
DBD,7310615,Nhật Bản học,7310615,2025,https://github.com/kbaoooo/vn_schools_scores_data/blob/main/craw-data/scores/DBD/2025.json
DBD,7340101,Quản trị kinh doanh,7340101,2025,https://github.com/kbaoooo/vn_schools_scores_data/blob/main/craw-data/scores/DBD/2025.json
DBD,7340201,Tài chính - Ngân hàng,7340201,2025,https://github.com/kbaoooo/vn_schools_scores_data/blob/main/craw-data/scores/DBD/2025.json
DBD,7340301,Kế toán,7340301,2025,https://github.com/kbaoooo/vn_schools_scores_data/blob/main/craw-data/scores/DBD/2025.json
DBD,7380101,Luật,7380101,2025,https://github.com/kbaoooo/vn_schools_scores_data/blob/main/craw-data/scores/DBD/2025.json
DBD,7380107,Luật kinh tế,7380107,2025,https://github.com/kbaoooo/vn_schools_scores_data/blob/main/craw-data/scores/DBD/2025.json
DBD,7480201,Công nghệ thông tin,7480201,2025,https://github.com/kbaoooo/vn_schools_scores_data/blob/main/craw-data/scores/DBD/2025.json
DBD,7510102,Công nghệ kỹ thuật công trình xây dựng,7510102,2025,https://github.com/kbaoooo/vn_schools_scores_data/blob/main/craw-data/scores/DBD/2025.json
DBD,7510205,Công nghệ kỹ thuật ô tô,7510205,2025,https://github.com/kbaoooo/vn_schools_scores_data/blob/main/craw-data/scores/DBD/2025.json
DBD,7510301,"Công nghệ kỹ thuật điện, điện tử",7510301,2025,https://github.com/kbaoooo/vn_schools_scores_data/blob/main/craw-data/scores/DBD/2025.json
DBD,7510605,Logistics và Quản lý chuỗi cung ứng,7510605,2025,https://github.com/kbaoooo/vn_schools_scores_data/blob/main/craw-data/scores/DBD/2025.json
DBD,7540101,Công nghệ thực phẩm,7540101,2025,https://github.com/kbaoooo/vn_schools_scores_data/blob/main/craw-data/scores/DBD/2025.json
DBD,7580101,Kiến trúc,7580101,2025,https://github.com/kbaoooo/vn_schools_scores_data/blob/main/craw-data/scores/DBD/2025.json
DBD,7720201,Dược học,7720201,2025,https://github.com/kbaoooo/vn_schools_scores_data/blob/main/craw-data/scores/DBD/2025.json
DBD,7720203,Hóa dược,7720203,2025,https://github.com/kbaoooo/vn_schools_scores_data/blob/main/craw-data/scores/DBD/2025.json